Step;ppo_expanded_looking;ppg_expanded_looking;sac_expanded_looking;droQ_expanded_looking;;;;;;
30000;49,11882401;58,21525574;41,29927826;32,45962143;;;;;;
60000;47,34406281;57,05459595;45,08965302;33,64109039;;;;;;
90000;51,60001755;59,39573669;37,96026993;36,51225281;;;;;;
120000;56,54036713;61,05329514;44,75077438;38,89570236;;;;;;
150000;61,08496094;64,43802643;41,21097183;32,05147171;;;;;;
180000;52,11666107;61,7048912;47,71070862;39,33551025;;;;;;
210000;55,20509338;56,71346664;37,51182175;33,54868317;;;;;;
240000;50,53592682;65,68761444;30,95376587;36,22811508;;;;;;
270000;52,96216583;64,60060883;30,63825989;35,84143829;;;;;;
300000;58,16638184;65,76180267;42,39965057;33,74233627;;;;;;
330000;58,74793625;63,57604218;29,87522125;32,82800674;;;;;;
360000;59,84817505;64,52829742;35,93448639;32,24475479;;;;;;
390000;57,93511581;65,21504974;18,17470932;21,63263702;;;;;;
420000;57,76861954;63,87148285;19,13676453;12,45715237;;;;;;
450000;61,16258621;62,10591507;23,14216232;12,30049706;;;;;;
480000;60,21870422;60,91018295;18,28504944;9,916854858;;;;;;
510000;57,67481995;59,60642624;11,7089138;18,53516388;;;;;;
540000;51,09655762;66,64009094;19,37934875;17,408638;;;;;;
570000;62,1417923;65,56321716;22,78074074;14,29413605;;;;;;
600000;58,8627739;60,46600342;17,44593811;33,74876022;;;;;;
630000;65,50469971;62,26360703;19,16558838;14,63833427;;;;;;
660000;65,87386322;67,64689636;19,87075806;19,79732323;;;;;;
690000;56,12342453;63,66296768;25,6979847;16,24067497;;;;;;
720000;66,31983948;63,61172485;15,31642246;18,98670006;;;;;;
750000;53,01910782;64,57016754;20,57321739;17,31664848;;;;;;
780000;70,1674118;65,47429657;16,42585754;8,939414024;;;;;;
810000;62,99400711;65,28253937;12,96008015;13,46228027;;;;;;
840000;64,54110718;64,31403351;9,73736763;22,43850708;;;;;;
870000;62,15309525;68,8707962;10,93725967;22,87831879;;;;;;
900000;67,36480713;66,7012558;17,04795265;23,27048874;;;;;;
930000;61,16115952;71,12719727;12,0083971;14,40027237;;;;;;
960000;54,34484863;73,27051544;7,711319923;13,42735958;;;;;;
990000;61,38670731;71,28681183;11,72894955;11,98761463;;;;;;
1020000;69,15818024;66,07975006;11,40777111;9,314190865;;;;;;
1050000;67,40625;64,50374603;11,39087582;15,07130241;;;;;;
1080000;64,57450867;71,14341736;9,843277931;8,394069672;;;;;;
1110000;61,74825668;67,96898651;10,60754108;18,40382767;;;;;;
1140000;69,52143097;66,60951233;13,09916592;32,49370956;;;;;;
1170000;67,54407501;70,19649506;7,777965546;31,42245102;;;ppo_expanded_looking;ppg_expanded_looking;sac_expanded_looking;droQ_expanded_looking
1200000;65,17237854;73,14357758;10,82997799;21,02360344;;;78,74291229;180,7162628;179,3532104;133,2280121
1230000;65,28070831;65,09497833;14,68869114;25,38737297;;;;;;
1260000;55,50365067;68,40209961;9,611961365;34,08008957;;;;;;
1290000;48,95801163;69,5984726;11,2034235;23,61034584;;;;;;
1320000;54,19298172;71,33237457;11,90889454;34,95778656;;;;;;
1350000;56,87311172;79,65213776;13,02197552;41,91802216;;;;;;
1380000;59,43967819;72,84247589;10,60288334;32,92293549;;;;;;
1410000;48,65226364;79,17694092;7,65799284;33,94817352;;;;;;
1440000;53,09753418;70,34848785;7,714049816;24,90316391;;;;;;
1470000;67,13755035;83,38768005;9,667859077;34,77682877;;;;;;
1500000;60,94669342;69,87050629;8,185440063;27,00250244;;;;;;
1530000;70,32492065;66,90100098;7,19779253;28,98615837;;;;;;
1560000;64,91564941;60,22720718;6,793322563;27,41969109;;;;;;
1590000;70,39940643;52,85475922;8,887660027;32,18475723;;;;;;
1620000;74,70738983;70,88890076;7,358268738;49,58948135;;;;;;
1650000;72,76841736;64,32875061;6,745279789;30,50738525;;;;;;
1680000;66,05349731;59,909729;8,229715347;33,59031296;;;;;;
1710000;59,55642319;65,58467865;7,471857548;48,11680222;;;;;;
1740000;76,40434265;73,67378235;7,180112839;48,37785721;;;;;;
1770000;63,19749832;70,06278229;7,373813152;47,24384308;;;;;;
1800000;66,99375153;69,73946381;6,335057735;40,51121902;;;;;;
1830000;60,30183411;76,93703461;7,29417038;30,39222717;;;;;;
1860000;68,9986496;83,76706696;8,6632967;38,66059875;;;;;;
1890000;65,54312134;76,4175415;7,400727749;32,83624268;;;;;;
1920000;63,39800644;72,7815094;6,177066803;28,65765381;;;;;;
1950000;64,44075775;66,9671402;5,642680645;37,13362885;;;;;;
1980000;70,39988708;62,16029739;8,706806183;46,00892258;;;;;;
2010000;61,26221466;72,97000122;8,426160812;37,32158661;;;;;;
2040000;70,40232849;74,80480194;8,537583351;44,90775299;;;;;;
2070000;68,31829834;73,87561798;6,915354252;39,98026657;;;;;;
2100000;67,00440979;83,69568634;7,277484417;45,70709229;;;;;;
2130000;76,20592499;75,09558105;7,194852352;51,47683334;;;;;;
2160000;66,71418762;78,74095154;7,755218506;46,67938995;;;;;;
2190000;73,57749176;74,08462524;8,511157036;51,83854294;;;;;;
2220000;67,14222717;83,73045349;8,391366959;45,2195282;;;;;;
2250000;67,70439911;83,95436096;8,67512989;53,34191132;;;;;;
2280000;64,39811707;78,04970551;8,828816414;60,06618881;;;;;;
2310000;78,74291229;70,61300659;8,702432632;45,42639923;;;;;;
2340000;66,81977081;80,63935089;9,110720634;45,18455124;;;;;;
2370000;62,87408447;76,7358017;7,358262062;29,61460304;;;;;;
2400000;22,36975861;81,38111115;7,557828426;27,85003662;;;;;;
2430000;26,81761169;75,05767059;8,163228035;14,28702545;;;;;;
2460000;18,04170036;79,62413025;7,851711273;25,46808624;;;;;;
2490000;7,95229435;86,49822998;8,484689713;12,5158205;;;;;;
2520000;19,16862297;84,05155945;8,963655472;22,6121788;;;;;;
2550000;18,15446472;85,26215363;7,561778069;28,44484711;;;;;;
2580000;17,42293358;78,39694214;5,073628426;36,46142578;;;;;;
2610000;10,78112602;77,73784637;5,386082649;39,07444763;;;;;;
2640000;27,93771935;91,6245575;8,585609436;37,79080963;;;;;;
2670000;18,08351135;89,43382263;7,502170086;43,9998703;;;;;;
2700000;8,138678551;81,38583374;6,855300903;37,62813568;;;;;;
2730000;7,909574509;89,03273773;8,275726318;39,83724976;;;;;;
2760000;4,862673283;82,27226257;10,28743362;32,50292587;;;;;;
2790000;4,885522842;93,92731476;10,67822933;25,87802315;;;;;;
2820000;4,870452404;91,22229767;8,752863884;29,95396423;;;;;;
2850000;4,704549313;78,53567505;10,52917004;30,58324814;;;;;;
2880000;4,905923367;96,91698456;11,78643894;34,48112488;;;;;;
2910000;4,90683794;95,4581604;9,108436584;34,3039093;;;;;;
2940000;4,96941328;96,09310913;10,11475468;33,0000267;;;;;;
2970000;4,779740334;91,09877777;10,31829071;42,81863403;;;;;;
3000000;4,929083347;95,75817871;14,85190392;47,62511826;;;;;;
3030000;4,388161182;95,4667511;16,06816864;28,51931572;;;;;;
3060000;7,801126957;92,1781311;17,49807167;31,66192245;;;;;;
3090000;4,761806011;102,0730362;16,6506424;45,65311813;;;;;;
3120000;4,852861881;102,7837296;21,20225906;50,22235107;;;;;;
3150000;4,818297386;104,3188705;22,79364586;54,09820557;;;;;;
3180000;4,937169075;90,86759949;19,64650536;37,2315979;;;;;;
3210000;4,88313961;111,8961945;19,20913887;46,84344482;;;;;;
3240000;4,708629608;96,03524017;21,30390358;21,72092628;;;;;;
3270000;4,503991604;98,62063599;18,7513504;32,8352356;;;;;;
3300000;4,951230049;94,588974;28,98069382;53,56323242;;;;;;
3330000;4,952338219;90,27109528;25,26670074;22,66714478;;;;;;
3360000;4,711221218;95,17788696;24,69561958;15,38135719;;;;;;
3390000;4,87491703;111,2656021;28,70181847;47,72256851;;;;;;
3420000;4,937717915;102,2946854;25,37447929;31,82751656;;;;;;
3450000;4,975203037;109,7740479;26,90658188;41,37992477;;;;;;
3480000;4,945955753;110,1171722;10,88321972;44,42559052;;;;;;
3510000;4,189598083;105,9947662;21,31621552;43,95235825;;;;;;
3540000;4,935605049;118,3523331;20,21958351;39,83368683;;;;;;
3570000;4,778580189;108,174408;36,66152573;34,55479813;;;;;;
3600000;4,703375816;131,5435333;51,15230179;42,81366348;;;;;;
3630000;4,6785779;106,798378;60,04389954;36,7192955;;;;;;
3660000;4,757004738;105,0882416;29,79911041;35,19658661;;;;;;
3690000;4,537875175;110,1448135;47,70174408;45,41374588;;;;;;
3720000;5,097727776;118,7329407;50,87488174;48,27203751;;;;;;
3750000;4,748563766;106,1758881;49,57969666;38,5845108;;;;;;
3780000;4,480831623;101,6386871;57,00885773;49,81173325;;;;;;
3810000;4,686170101;115,442894;63,36799622;34,97274017;;;;;;
3840000;4,485565662;128,7584686;54,32791519;36,46284866;;;;;;
3870000;4,706637383;115,8110428;56,3288765;35,46546555;;;;;;
3900000;4,743825912;120,8414612;70,25341034;36,88525009;;;;;;
3930000;4,643593311;110,9907684;63,30710602;48,30438232;;;;;;
3960000;4,72313118;117,6129227;71,44888306;43,43819427;;;;;;
3990000;4,484398842;120,0499039;81,37965393;48,38803482;;;;;;
4020000;4,756182194;129,5151672;67,92546082;43,83691025;;;;;;
4050000;4,835029125;126,2811356;89,26704407;44,77141953;;;;;;
4080000;5,002995968;131,6664429;99,47557831;44,18517303;;;;;;
4110000;4,607383728;113,9539642;86,48789978;31,05095291;;;;;;
4140000;4,768033981;127,1834106;93,81745911;42,32675171;;;;;;
4170000;4,909302235;125,6544724;86,23841858;25,40770149;;;;;;
4200000;7,646624565;130,834137;77,97212982;35,1639595;;;;;;
4230000;4,808322906;103,20784;95,43199158;36,71512222;;;;;;
4260000;4,90365839;123,5764313;111,8687286;33,58753586;;;;;;
4290000;4,995787144;122,6385269;99,89335632;40,83517075;;;;;;
4320000;4,740540504;133,5025635;101,7535858;36,58523941;;;;;;
4350000;4,856887341;123,7441483;98,04814148;49,50149536;;;;;;
4380000;4,949285507;133,2764435;88,79212189;44,75799561;;;;;;
4410000;4,480460644;122,0012131;93,56959534;34,37189484;;;;;;
4440000;4,509055614;125,7353134;97,87651062;49,0796051;;;;;;
4470000;4,354039192;120,9798203;74,16728973;46,33782959;;;;;;
4500000;4,298789501;127,5547333;108,8129272;48,42087173;;;;;;
4530000;4,508170128;123,7082596;96,74666595;64,25054932;;;;;;
4560000;4,554670811;123,7747574;118,5822449;45,23521042;;;;;;
4590000;4,894301891;132,8177948;82,20423889;60,573349;;;;;;
4620000;4,589848995;126,1257935;63,58398819;35,40312958;;;;;;
4650000;4,841549397;137,0451965;76,98700714;44,10774994;;;;;;
4680000;4,990125656;132,343277;63,76177216;52,71587753;;;;;;
4710000;4,92590189;130,078949;62,27746964;33,57182312;;;;;;
4740000;4,892506123;132,2854156;100,9507599;33,93315506;;;;;;
4770000;4,747121811;154,8594055;118,2231293;43,98859787;;;;;;
4800000;4,624940395;130,570755;118,815506;54,93836212;;;;;;
4830000;4,829843044;142,9885864;97,73479462;41,50102615;;;;;;
4860000;4,503029823;117,9399948;97,02313995;37,7429657;;;;;;
4890000;4,741283894;120,5142365;80,08183289;47,57325363;;;;;;
4920000;4,344437599;123,3636703;90,80345917;46,47774506;;;;;;
4950000;4,540738106;146,7046661;95,91568756;56,6270752;;;;;;
4980000;4,714763165;132,9535065;101,3293762;49,65490341;;;;;;
5010000;4,843132019;130,0709686;109,8743668;51,9282608;;;;;;
5040000;4,34070158;121,7091904;100,3046036;48,87320709;;;;;;
5070000;4,585677624;121,6649094;108,6695023;39,89968491;;;;;;
5100000;4,911699772;113,5665817;95,82235718;46,08379364;;;;;;
5130000;4,36780262;131,8751984;99,63467407;53,10342789;;;;;;
5160000;4,903960705;133,8829346;87,73084259;45,03034973;;;;;;
5190000;4,696118355;129,2710114;28,14615631;58,27383804;;;;;;
5220000;4,676609039;144,2644806;8,170510292;52,18529129;;;;;;
5250000;4,850792408;130,7988281;23,86357689;48,13940811;;;;;;
5280000;4,739472389;134,4150696;32,17852783;47,44721222;;;;;;
5310000;4,549353123;143,860321;44,95590591;47,39096832;;;;;;
5340000;4,233478546;142,3976593;49,80663681;39,98517227;;;;;;
5370000;4,970219612;145,1192169;87,99951172;45,0910759;;;;;;
5400000;4,751181126;142,9173431;104,3914642;31,13524055;;;;;;
5430000;5,011843681;143,1550293;82,23363495;35,82835388;;;;;;
5460000;4,631664276;135,2442474;87,48771667;39,97156906;;;;;;
5490000;4,5446105;136,5826721;110,6618881;37,1908989;;;;;;
5520000;7,896123886;147,7878418;109,9160843;43,17715454;;;;;;
5550000;4,853001595;132,1085205;127,3039703;40,23625565;;;;;;
5580000;4,550682068;121,8611679;122,7893524;35,68971252;;;;;;
5610000;4,989521503;127,967865;132,9085388;44,23217392;;;;;;
5640000;4,724982262;135,9970093;124,2588196;50,17780685;;;;;;
5670000;4,94600296;130,0177765;127,8145218;57,65861893;;;;;;
5700000;4,599794865;154,2981873;131,7860107;52,95878601;;;;;;
5730000;4,858435154;147,9700623;118,9024353;41,05730057;;;;;;
5760000;4,420120716;142,9145813;128,9777985;58,22036362;;;;;;
5790000;4,990526199;140,6782074;126,9467773;70,95171356;;;;;;
5820000;4,95102644;139,969635;133,4942627;90,69655609;;;;;;
5850000;4,400488853;141,1469879;122,4215164;66,65190125;;;;;;
5880000;4,687081337;142,1450806;69,92454529;65,39775848;;;;;;
5910000;4,74023056;123,4503555;61,84473419;57,82888412;;;;;;
5940000;7,098507881;145,566925;94,16267395;62,27377319;;;;;;
5970000;4,872783184;152,7544098;125,769989;55,74036026;;;;;;
6000000;4,844539165;140,215332;136,4219666;59,11172104;;;;;;
6030000;7,347328663;129,8443451;51,25884247;58,1364975;;;;;;
6060000;4,558941364;150,1029053;30,12383842;35,24303436;;;;;;
6090000;4,927431107;133,6916504;56,8875885;42,50249863;;;;;;
6120000;7,550514698;135,9862366;76,26396179;47,30541229;;;;;;
6150000;4,436038494;118,8073044;76,2246933;50,3132019;;;;;;
6180000;4,795701504;158,2207031;97,39122009;34,90962982;;;;;;
6210000;4,797072411;129,5708771;118,4817123;24,24952698;;;;;;
6240000;8,139549255;143,5970612;98,15034485;32,71628952;;;;;;
6270000;4,51687336;138,1551819;63,17240143;35,21687317;;;;;;
6300000;4,688224316;142,9603577;68,78744507;46,00395966;;;;;;
6330000;4,392449379;137,9304962;100,0964737;39,46126556;;;;;;
6360000;4,859315872;133,1445618;108,9589386;50,89218521;;;;;;
6390000;8,108071327;163,9700928;140,4681549;47,4146843;;;;;;
6420000;5,908488274;152,9828339;133,2004852;33,60830688;;;;;;
6450000;4,742115498;152,687088;115,244339;55,54637146;;;;;;
6480000;4,684269428;159,5460205;122,6908569;47,40301895;;;;;;
6510000;8,217900276;144,5656738;111,8647842;44,73957062;;;;;;
6540000;4,052369118;167,6623077;138,5417938;57,09813309;;;;;;
6570000;4,205369473;151,3444366;137,5346985;44,05416107;;;;;;
6600000;4,191297054;145,6116638;149,7627869;48,17655945;;;;;;
6630000;4,563317776;136,9763947;148,1942596;41,86405182;;;;;;
6660000;4,933946609;147,408432;131,6832581;44,06451416;;;;;;
6690000;7,905543804;132,2735138;150,1152039;43,48358154;;;;;;
6720000;4,606954575;158,4360046;141,3939667;47,75977325;;;;;;
6750000;4,555820465;136,2194519;130,2270508;44,85805893;;;;;;
6780000;4,553008556;149,4152069;127,5617828;51,61135483;;;;;;
6810000;4,389314651;137,0491638;113,8649673;43,31346512;;;;;;
6840000;4,807516098;158,4954071;108,1147308;54,86408234;;;;;;
6870000;4,33770752;167,1220703;99,01313019;35,21914673;;;;;;
6900000;4,738334179;147,1716003;108,2046661;52,95221329;;;;;;
6930000;5,044988155;145,2465363;124,2806854;45,40199661;;;;;;
6960000;7,834461689;137,62854;129,3039856;55,15169907;;;;;;
6990000;4,286185265;149,1482391;120,4049606;55,86003876;;;;;;
7020000;4,764191151;131,9152069;114,2992859;47,93115234;;;;;;
7050000;4,570071697;137,8738403;132,1425934;57,48677063;;;;;;
7080000;4,887880802;143,5772705;127,5526123;59,93105316;;;;;;
7110000;4,775131702;135,5111542;123,3153381;49,40161896;;;;;;
7140000;4,911986351;137,4904022;121,2707291;58,0258522;;;;;;
7170000;4,796952724;129,2919617;141,27771;40,7769928;;;;;;
7200000;4,58336544;129,706543;125,7238235;62,83402634;;;;;;
7230000;4,700801373;149,8451691;168,2635803;57,13444138;;;;;;
7260000;4,227638721;136,8713989;179,3532104;55,71686172;;;;;;
7290000;4,957158089;164,9681549;174,3174744;49,07209015;;;;;;
7320000;7,560369492;156,2759247;157,3032532;60,8830719;;;;;;
7350000;4,599366665;139,5558319;161,5366821;58,56934357;;;;;;
7380000;4,735460281;157,5363312;52,35300446;67,40214539;;;;;;
7410000;4,937140942;156,6394653;78,85456085;62,4942627;;;;;;
7440000;4,719748497;141,0514679;98,85960388;48,81581879;;;;;;
7470000;8,477787971;137,2244873;140,7089539;58,96942902;;;;;;
7500000;4,785588741;163,2055054;114,189537;61,51400757;;;;;;
7530000;4,876937866;161,425415;126,2147293;45,98180008;;;;;;
7560000;4,194374084;167,0457916;124,2647781;63,38841248;;;;;;
7590000;4,821383953;138,240387;172,3688965;44,13389587;;;;;;
7620000;4,949554443;150,9959564;136,1584625;39,71829987;;;;;;
7650000;4,78442049;164,3661346;165,2843323;39,14506149;;;;;;
7680000;4,811741352;154,5808105;163,5811615;52,12244034;;;;;;
7710000;4,935243607;149,3387451;168,069397;64,00431061;;;;;;
7740000;4,884624958;167,8794403;129,3050842;49,11680984;;;;;;
7770000;4,851041317;133,5767822;159,6282196;58,84912872;;;;;;
7800000;4,743719578;149,9577026;152,5727844;52,40047073;;;;;;
7830000;4,773252487;134,4818115;130,6103821;71,02786255;;;;;;
7860000;4,603393078;143,754776;175,8713989;50,84344864;;;;;;
7890000;4,85482502;147,302063;156,5271149;54,98490906;;;;;;
7920000;4,927687645;145,2294159;128,356842;69,02243042;;;;;;
7950000;7,494023323;146,025177;110,8683472;52,64216614;;;;;;
7980000;5,125481129;155,5331879;127,1518784;59,66743469;;;;;;
8010000;4,933362484;152,1737518;144,4341888;55,14928818;;;;;;
8040000;4,796613216;162,9898376;148,8218689;52,47593689;;;;;;
8070000;4,882591248;162,5001373;131,2327118;67,75098419;;;;;;
8100000;4,826195717;139,7515411;153,0186615;50,38444901;;;;;;
8130000;4,235984802;144,5596771;73,46259308;56,52927017;;;;;;
8160000;4,958614826;145,7259064;15,54990196;47,43247223;;;;;;
8190000;8,25990963;163,5508881;52,30407333;49,90629196;;;;;;
8220000;4,774814606;146,5062256;101,3775711;58,42637253;;;;;;
8250000;4,531814098;153,7675476;121,9407959;49,33066177;;;;;;
8280000;5,030762672;172,6546631;140,4665985;44,78551865;;;;;;
8310000;4,48415947;140,2429199;93,90176392;13,09009361;;;;;;
8340000;4,887101173;151,5675201;70,19539642;28,02456284;;;;;;
8370000;4,738764763;139,5750275;78,89173126;32,99585342;;;;;;
8400000;5,031114101;156,6267242;89,90454102;28,39438248;;;;;;
8430000;4,854736805;161,6110535;88,12168121;35,57300949;;;;;;
8460000;4,75190258;137,9890137;85,2570343;45,93967056;;;;;;
8490000;4,705805779;152,9415436;82,75996399;43,62861633;;;;;;
8520000;4,517652512;154,1289978;71,26089478;39,08395386;;;;;;
8550000;4,83928299;164,6372681;124,8038025;30,88328743;;;;;;
8580000;4,821466446;152,093277;121,9864655;37,39117813;;;;;;
8610000;4,669038773;164,7102509;96,11484528;34,98574066;;;;;;
8640000;4,871472836;160,3251495;96,16704559;51,34557343;;;;;;
8670000;4,711381912;147,9919739;82,48595428;48,04782104;;;;;;
8700000;4,695912838;166,6373749;80,96702576;45,69667816;;;;;;
8730000;4,393092632;169,6809387;76,89335632;54,32924271;;;;;;
8760000;4,411753654;161,8998871;56,64014435;45,66379929;;;;;;
8790000;4,216831207;158,7688599;54,14091492;50,1890564;;;;;;
8820000;4,798354149;143,1324615;49,65470505;64,84311676;;;;;;
8850000;4,947360039;158,7564545;65,04898834;47,46753693;;;;;;
8880000;4,755268097;144,1721191;71,6636734;54,01902771;;;;;;
8910000;4,546210766;144,8699188;66,18958282;50,92477417;;;;;;
8940000;4,200406075;162,1916656;75,71699524;39,75488663;;;;;;
8970000;4,981371403;140,0415955;61,46154404;42,13796616;;;;;;
9000000;4,427415848;146,0085907;64,60661316;45,14151382;;;;;;
9030000;4,804337025;156,3930206;62,39319229;51,88193893;;;;;;
9060000;5,003430367;157,7778625;69,72741699;56,47046661;;;;;;
9090000;4,217534065;162,6293488;94,29455566;40,48394012;;;;;;
9120000;4,988423347;166,4345093;113,0672989;53,37856674;;;;;;
9150000;5,124010563;152,2474976;121,7164612;59,99687195;;;;;;
9180000;4,825741291;139,5231171;98,52376556;60,59865952;;;;;;
9210000;4,823870182;155,7286224;92,71702576;50,68738937;;;;;;
9240000;4,977068901;133,2076111;95,87760925;65,99777222;;;;;;
9270000;6,185011387;154,0790863;123,181427;67,35292816;;;;;;
9300000;5,177540302;130,2551727;91,76803589;53,53608322;;;;;;
9330000;4,938124657;172,6617889;75,27758026;65,37651825;;;;;;
9360000;5,018727779;176,3211517;58,1367569;57,35329056;;;;;;
9390000;4,998890877;160,9620209;71,93969727;59,1764946;;;;;;
9420000;4,955781937;166,5314789;96,91226959;55,2657814;;;;;;
9450000;4,720210075;161,289444;102,3955765;58,83774567;;;;;;
9480000;4,970683098;168,6902618;119,4334488;49,04302979;;;;;;
9510000;4,996179581;180,7162628;117,6195526;61,46381378;;;;;;
9540000;4,859130859;158,2654266;112,2545319;45,45696259;;;;;;
9570000;4,844894409;166,2273865;93,92420959;43,24162674;;;;;;
9600000;5,072874546;168,8166199;95,92636871;40,83229446;;;;;;
9630000;5,140855312;176,0979919;109,0868225;42,8141861;;;;;;
9660000;5,161044121;142,7457428;107,3800507;61,26899719;;;;;;
9690000;5,070925713;145,8704834;101,6651382;56,62111664;;;;;;
9720000;6,418255329;153,1280212;105,0167236;72,04798126;;;;;;
9750000;5,309368134;119,7799911;94,1529007;87,74693298;;;;;;
9780000;5,245467186;138,2724304;126,0139618;60,46806335;;;;;;
9810000;5,255600929;154,5003967;115,1476822;84,56630707;;;;;;
9840000;5,445952892;147,1266479;101,7903442;64,57783508;;;;;;
9870000;4,928569794;139,3814545;124,1257553;103,7766647;;;;;;
9900000;5,30494833;133,7140656;120,1494141;88,91371155;;;;;;
9930000;5,423406601;160,7018738;96,85225677;98,63608551;;;;;;
9960000;4,957816601;141,0067749;101,5007095;81,01525116;;;;;;
9990000;5,239020824;149,0532379;113,4988861;76,75724792;;;;;;
10020000;5,364852428;140,661377;106,9719315;78,76932526;;;;;;
10050000;5,197127819;131,8825989;122,0954208;84,23709869;;;;;;
10080000;8,24846077;137,9511871;127,110878;89,9638443;;;;;;
10110000;5,096524715;146,706604;122,8664627;92,18816376;;;;;;
10140000;5,062167645;160,9293213;126,2914886;81,02339172;;;;;;
10170000;5,054677963;132,7300568;112,1848984;92,78383636;;;;;;
10200000;5,23896265;132,7495117;89,99684906;95,42378998;;;;;;
10230000;5,011446476;140,2196503;75,33924866;86,33818817;;;;;;
10260000;5,139869213;134,9932556;101,8107605;95,35449982;;;;;;
10290000;5,66515398;138,4800262;127,7075729;94,52307892;;;;;;
10320000;5,512977123;126,1683426;101,6207809;78,55153656;;;;;;
10350000;5,355882645;133,8357239;120,2164841;87,79981232;;;;;;
10380000;5,43614769;141,5972443;111,5044479;103,8342514;;;;;;
10410000;5,178647518;131,6770172;113,4417267;92,55845642;;;;;;
10440000;5,282334328;125,1307373;111,1494675;89,31853485;;;;;;
10470000;5,171546936;114,4792633;100,5541534;101,8002701;;;;;;
10500000;5,188680649;122,0218506;130,218277;111,1522141;;;;;;
10530000;5,331079483;125,9599686;134,8621674;112,0249176;;;;;;
10560000;5,453227043;122,586174;126,8912277;88,77288818;;;;;;
10590000;5,456513882;120,5531845;109,434227;90,06222534;;;;;;
10620000;5,202977657;126,9844284;126,3644791;102,7234039;;;;;;
10650000;5,638179779;145,3263397;117,6205292;107,164093;;;;;;
10680000;5,207161427;131,2988586;123,0265884;104,5109406;;;;;;
10710000;5,332104683;129,8034363;95,65998077;104,076767;;;;;;
10740000;5,188827038;124,7345276;72,02635193;133,2280121;;;;;;
10770000;5,324029922;128,9258118;120,4599457;98,79257202;;;;;;
10800000;5,19369936;121,4010468;93,81345367;118,7646255;;;;;;
10830000;5,952511787;123,9157944;110,8308792;102,2078934;;;;;;
10860000;5,080246925;125,3744965;112,7765732;112,824501;;;;;;
10890000;5,180016994;119,2698364;116,7417755;96,24604797;;;;;;
10920000;5,60525322;114,3719788;113,9378586;102,2467117;;;;;;
10950000;5,35264349;112,0036926;121,5628052;99,38912964;;;;;;
10980000;5,358047485;111,0284271;89,00495911;93,14750671;;;;;;
11010000;5,243195057;114,8134155;110,8548584;72,63005829;;;;;;
11040000;5,523648262;120,1918716;109,6483994;74,50345612;;;;;;
11070000;5,398417473;120,6147232;138,507431;74,51418304;;;;;;
11100000;5,984622002;115,1175842;141,6561737;74,91677856;;;;;;
11130000;5,641112328;121,4078674;130,2358551;83,0871048;;;;;;
11160000;5,352542877;118,8181992;69,25468445;87,46987152;;;;;;
11190000;5,552474499;136,3335571;82,71691895;87,61038971;;;;;;
11220000;5,65030098;112,4671021;107,1227875;65,05883026;;;;;;
11250000;5,490476131;123,2063522;95,14230347;93,31800079;;;;;;
11280000;5,551378727;123,3712311;98,59748077;80,21413422;;;;;;
11310000;5,3946805;125,2885208;121,2459183;87,6714325;;;;;;
11340000;5,584304333;120,011734;125,0435791;91,30899811;;;;;;
11370000;5,442674637;115,624733;71,020401;112,7243729;;;;;;
11400000;5,493671894;104,0388718;47,02896881;114,1560135;;;;;;
11430000;5,508494377;125,979187;79,91040802;110,7500153;;;;;;
11460000;5,564976692;112,4870148;85,16202545;120,6759338;;;;;;
11490000;5,427230358;108,473671;80,76394653;110,4275589;;;;;;
11520000;5,604785442;121,2670746;103,666832;107,0035019;;;;;;
11550000;5,887167931;117,0582275;133,3671875;91,15090179;;;;;;
11580000;5,709766865;113,7113266;128,9595184;99,8427887;;;;;;
11610000;5,678880692;122,1250916;136,1621552;92,62773132;;;;;;
11640000;5,517126083;110,2337341;137,5976105;88,60930634;;;;;;
11670000;5,557346344;114,0307922;125,7602768;91,1581955;;;;;;
11700000;5,629009247;116,45401;49,12741089;101,8855286;;;;;;
11730000;5,453560829;103,8471756;82,38754272;87,69867706;;;;;;
11760000;5,794900894;112,7202454;116,1046677;60,13012695;;;;;;
11790000;5,775128365;113,7300339;134,6738586;88,61203003;;;;;;
11820000;5,613698006;122,8571396;129,5443268;70,02275085;;;;;;
11850000;5,80581522;109,7657852;107,5149231;90,17012024;;;;;;
11880000;6,167626381;119,9893646;120,993721;94,48641205;;;;;;
11910000;5,41912365;118,725029;114,3881378;98,93881989;;;;;;
11940000;5,112190247;105,616066;115,3067627;100,0815125;;;;;;
11970000;5,868350029;119,0123138;115,5938492;106,6317673;;;;;;
12000000;5,83255434;117,1100464;94,50534821;119,390625;;;;;;
12030000;5,663891792;105,6492004;109,2718811;107,8995209;;;;;;
12060000;6,208768845;110,4925919;101,4815216;89,2306366;;;;;;
12090000;5,670166016;103,4657974;114,2729721;87,92280579;;;;;;
12120000;6,29794836;110,3952789;96,93566895;89,45252991;;;;;;
12150000;5,384616375;120,2679749;119,5653458;125,6561737;;;;;;
12180000;6,154843807;106,1270294;125,9220428;107,5017319;;;;;;
12210000;5,742096424;104,5573502;99,8537674;111,7478104;;;;;;
12240000;5,936830521;117,0222168;80,78266907;108,5443268;;;;;;
12270000;5,672410965;109,0896301;101,2161255;89,07598114;;;;;;
12300000;6,132659912;112,718071;75,82657623;106,1099701;;;;;;
12330000;5,376098156;108,9385529;41,79586792;98,35286713;;;;;;
12360000;5,349168301;108,3105545;59,95741653;109,9718399;;;;;;
12390000;5,349826813;111,6873779;79,85083008;121,6179123;;;;;;
12420000;5,876540661;105,6552582;105,9289246;75,39818573;;;;;;
12450000;5,397051334;122,0486145;123,967247;89,1722641;;;;;;
12480000;6,222528934;110,6437988;108,087326;97,8682785;;;;;;
12510000;5,30250597;118,5859985;131,1846008;81,77339172;;;;;;
12540000;5,683979988;125,5548401;119,8487549;98,71173859;;;;;;
12570000;5,18307972;107,3749542;117,477829;98,96546173;;;;;;
12600000;5,818370819;102,9542313;106,9783936;109,7646942;;;;;;
12630000;5,615805149;108,2023773;107,9210205;104,4876328;;;;;;
12660000;5,372429371;102,520668;110,1413727;85,55007935;;;;;;
12690000;6,081591606;118,4376984;76,64840698;91,0398941;;;;;;
12720000;5,756649017;119,3371277;31,6394043;81,34972382;;;;;;
12750000;5,862559319;103,111618;35,41426468;72,52765656;;;;;;
12780000;6,171029091;107,6142273;42,10061646;83,01473999;;;;;;
12810000;6,044489384;118,4921265;69,20090485;69,03527832;;;;;;
12840000;5,60549593;116,3309174;60,78508759;74,55998993;;;;;;
12870000;5,701651573;93,48555756;42,89031982;86,81678772;;;;;;
12900000;6,193989754;101,3186035;52,18405151;92,052948;;;;;;
12930000;5,930217266;94,14014435;70,88443756;108,5297775;;;;;;
12960000;7,159072399;102,1797333;66,13871765;68,16370392;;;;;;
12990000;5,416815281;98,49105072;46,53263474;96,59396362;;;;;;
13020000;6,252020836;108,431694;57,10898209;47,3934288;;;;;;
13050000;5,77136898;102,3624802;54,27439499;32,48288727;;;;;;
13080000;5,564617634;100,4707336;69,05845642;46,16405487;;;;;;
13110000;6,359160423;120,9130402;84,11791992;40,03930664;;;;;;
13140000;5,835752964;108,1652527;109,6211624;51,32352448;;;;;;
13170000;5,730710983;111,1389008;113,739624;28,61165619;;;;;;
13200000;5,848962307;107,43573;119,1943665;45,60421371;;;;;;
13230000;5,690848827;105,866127;126,462677;47,68493271;;;;;;
13260000;6,267436981;106,4771957;133,3336182;44,30562592;;;;;;
13290000;5,558591843;94,8622818;110,2941132;50,72373199;;;;;;
13320000;5,226603031;96,03951263;75,06016541;48,65510178;;;;;;
13350000;5,809741497;98,56894684;30,93276787;75,84166718;;;;;;
13380000;5,65444994;102,8420334;69,48552704;63,84391403;;;;;;
13410000;5,616454601;102,3206024;110,2208328;67,07112885;;;;;;
13440000;5,94787693;90,92272949;102,9306412;81,80448914;;;;;;
13470000;5,728997231;99,90084839;97,71825409;59,07201767;;;;;;
13500000;6,529166222;102,3526077;102,3072968;69,83966827;;;;;;
13530000;5,637660027;96,74487305;116,3273087;78,14445496;;;;;;
13560000;5,743797302;92,14183044;127,0476151;56,51348877;;;;;;
13590000;6,69986248;101,2279892;82,66978455;76,12132263;;;;;;
13620000;5,808341503;104,6958313;101,7725449;58,7884903;;;;;;
13650000;5,794583797;92,24488068;122,2242813;67,76015472;;;;;;
13680000;6,199460506;90,46025085;133,8790283;85,75287628;;;;;;
13710000;6,109330177;94,49862671;110,5376282;91,14234161;;;;;;
13740000;5,693164825;90,95423889;146,0893707;102,2591782;;;;;;
13770000;5,57343626;83,72006989;133,0779114;84,82025146;;;;;;
13800000;6,035460472;73,96349335;121,5742493;73,30702209;;;;;;
13830000;5,450213432;99,18890381;101,5260086;69,19980621;;;;;;
13860000;5,851303101;87,30618286;123,3916779;83,73907471;;;;;;
13890000;6,354026794;90,13320923;128,8240662;71,80783081;;;;;;
13920000;5,615242004;94,66881561;104,7740936;78,68223572;;;;;;
13950000;6,070234776;88,27287292;111,7714691;90,20830536;;;;;;
13980000;5,515170574;98,01503754;111,5138245;92,71533203;;;;;;
14010000;5,612872601;96,61981201;77,98194885;104,0373154;;;;;;
14040000;6,268192291;94,53526306;57,36109924;101,767334;;;;;;
14070000;6,520750999;97,2673111;55,00182343;81,50273895;;;;;;
14100000;5,908602238;73,98342896;75,26134491;93,84041595;;;;;;
14130000;6,243505001;88,93824768;67,93985748;87,90279388;;;;;;
14160000;6,409484863;102,207695;73,59663391;92,83624268;;;;;;
14190000;5,45684576;85,72882843;97,22290802;83,47268677;;;;;;
14220000;6,371506214;80,63642883;78,28790283;91,84103394;;;;;;
14250000;6,421228886;79,0606308;70,38463593;90,43497467;;;;;;
14280000;5,76610136;79,77060699;82,8393631;108,3907166;;;;;;
14310000;6,030539989;81,92221069;102,5386658;108,7417831;;;;;;
14340000;6,284244537;85,39585114;100,1036606;112,8030167;;;;;;
14370000;6,264718533;80,25575256;71,45771027;107,216156;;;;;;
14400000;5,978013515;87,69181061;82,33480835;75,84240723;;;;;;
14430000;6,380025864;79,14625549;79,98409271;80,41600037;;;;;;
14460000;5,524068356;74,71343994;77,4278717;87,36248016;;;;;;
14490000;6,620806217;71,58434296;77,58612061;66,97395325;;;;;;
14520000;6,327340603;82,90280151;74,60377502;72,40476227;;;;;;
14550000;7,275435925;89,43286133;89,10622406;65,99409485;;;;;;
14580000;5,881342411;86,61411285;99,77929688;72,8154068;;;;;;
14610000;7,068390846;76,42246246;85,1242981;81,95449066;;;;;;
14640000;6,521473408;94,90691376;89,91925812;99,75960541;;;;;;
14670000;6,034155846;84,42247009;89,80036926;83,43318176;;;;;;
14700000;6,314344406;75,09494019;97,35501862;91,33626556;;;;;;
14730000;6,307948112;88,55583954;93,28203583;98,16391754;;;;;;
14760000;6,959417343;74,46615601;103,4196548;81,42621613;;;;;;
14790000;5,799545765;79,32035065;103,4160156;84,36000824;;;;;;
14820000;6,834791183;77,19036865;102,0720596;97,03341675;;;;;;
14850000;6,142234325;78,63548279;72,65312958;113,5505524;;;;;;
14880000;6,52271843;88,79737854;56,43330383;112,8901978;;;;;;
14910000;6,40143013;80,96489716;54,18681335;91,54198456;;;;;;
14940000;7,292771816;80,67892456;84,305336;43,8236618;;;;;;
14970000;6,15422678;83,91443634;79,99827576;68,58854675;;;;;;
15000000;6,629498005;76,89541626;86,05323792;53,50162506;;;;;;
15030000;6,156923771;88,75901031;85,91413116;64,88985443;;;;;;
15060000;5,917149067;82,00762177;72,0032959;92,83268738;;;;;;
15090000;5,662827492;81,06535339;84,96350098;97,89209747;;;;;;
15120000;6,101063728;87,27998352;88,74079132;94,04261017;;;;;;
15150000;6,409932137;87,66490173;87,71400452;108,5181427;;;;;;
15180000;6,730328083;81,74280548;95,97212982;108,6697693;;;;;;
15210000;6,123806;82,56074524;81,88413239;112,9438553;;;;;;
15240000;6,232870579;99,59688568;91,97241974;95,17314148;;;;;;
15270000;6,021499634;86,58982086;84,6940155;111,5406876;;;;;;
15300000;6,784385681;86,35868073;99,5776825;82,65070343;;;;;;
15330000;7,307071686;75,54416656;90,51117706;112,4124146;;;;;;
15360000;5,981739521;80,0582962;84,89159393;101,5734024;;;;;;
15390000;5,76920557;71,45857239;88,18514252;98,79866028;;;;;;
15420000;6,587806702;87,82927704;101,7326584;94,74182129;;;;;;
15450000;5,464182377;76,29311371;84,62805176;102,3832855;;;;;;
15480000;6,744864941;88,26068878;108,0343399;92,01302338;;;;;;
15510000;5,430524826;76,86386108;96,11856842;82,53481293;;;;;;
15540000;6,764310837;81,33492279;63,95657349;67,24788666;;;;;;
15570000;5,983334064;77,47564697;86,80810547;72,85009003;;;;;;
15600000;6,440935135;70,87729645;66,4400177;83,35888672;;;;;;
15630000;6,50517416;75,6893692;93,67224121;95,66449738;;;;;;
15660000;5,953381538;68,24478912;101,553978;101,9761734;;;;;;
15690000;6,151321411;74,98356628;32,16072464;96,78133392;;;;;;
15720000;5,708441734;76,04823303;19,78545761;79,51822662;;;;;;
15750000;7,218100548;85,10245514;28,13597298;93,64516449;;;;;;
15780000;6,07669735;85,05308533;21,31128693;98,98522186;;;;;;
15810000;6,151083946;89,34404755;37,51059341;86,96607971;;;;;;
15840000;5,650675297;81,0200119;44,35406876;106,7246933;;;;;;
15870000;5,458323002;74,04265594;22,65731239;98,94289398;;;;;;
15900000;5,682594299;69,81938934;34,85084915;106,3478394;;;;;;
15930000;6,010578632;77,20736694;55,9394989;94,06649017;;;;;;
15960000;6,01860857;82,81729889;37,53559494;34,93928146;;;;;;
15990000;5,875268936;75,39620209;67,1802063;48,21379089;;;;;;
16020000;6,294679642;76,87450409;72,80865479;78,49454498;;;;;;
16050000;6,411518574;82,06040955;72,59191132;85,37539673;;;;;;
16080000;6,251867294;93,36508942;64,95596313;95,34387207;;;;;;
16110000;6,077761173;75,02226257;70,68645477;121,1792755;;;;;;
16140000;8,451854706;82,73524475;80,17443085;118,0822678;;;;;;
16170000;7,93241787;71,49516296;72,72881317;112,9627762;;;;;;
16200000;7,54534483;78,7820816;50,68637085;83,89303589;;;;;;
16230000;7,231795311;79,50940704;59,98892975;100,7207947;;;;;;
16260000;6,285858631;71,9841156;67,87441254;93,18338776;;;;;;
16290000;5,65585947;68,78004456;65,33074951;113,3082962;;;;;;
16320000;7,339636326;81,38757324;51,05713272;130,7396545;;;;;;
16350000;5,936655998;67,26676941;28,47491646;109,7700348;;;;;;
16380000;6,75113678;76,08605194;33,32923508;121,3562241;;;;;;
16410000;6,236362457;72,24599457;38,40143585;113,0830307;;;;;;
16440000;5,617677689;80,423172;56,94049072;100,2434311;;;;;;
16470000;5,980518341;83,6780014;45,24744797;79,53370667;;;;;;
16500000;5,666368484;75,86997986;41,82193756;98,03805542;;;;;;
16530000;5,899725914;73,15717316;47,46553421;91,86168671;;;;;;
16560000;5,602949142;78,19552612;54,21932602;84,14425659;;;;;;
16590000;6,716395855;66,56090546;51,70540237;80,66623688;;;;;;
16620000;5,919995785;76,7689209;34,08369064;92,81182098;;;;;;
16650000;5,867938042;80,37150574;39,71300888;103,564003;;;;;;
16680000;6,208476067;73,14955902;;96,23524475;;;;;;
16710000;5,799316883;76,13437653;;95,08545685;;;;;;
16740000;6,716834068;69,05429077;;103,1712418;;;;;;
16770000;6,167386532;69,25112152;;93,57381439;;;;;;
16800000;5,661973476;81,2848053;;104,2006302;;;;;;
16830000;6,231934547;77,56612396;;96,2219696;;;;;;
16860000;7,086404324;65,92973328;;90,00215912;;;;;;
16890000;5,559869289;88,96725464;;42,17105103;;;;;;
16920000;5,952240467;78,41667175;;61,30143738;;;;;;
16950000;6,102650166;79,05622864;;86,26435089;;;;;;
16980000;5,704289436;72,69271088;;111,8523865;;;;;;
17010000;5,926782608;72,16149139;;93,64701843;;;;;;
17040000;6,4724617;66,93644714;;89,94457245;;;;;;
17070000;6,182744503;65,95526886;;86,77122498;;;;;;
17100000;6,091749191;65,97027588;;77,13349152;;;;;;
17130000;6,194256306;80,48748779;;71,73530579;;;;;;
17160000;6,684924603;74,23876953;;72,24932861;;;;;;
17190000;6,237170696;76,38890076;;78,90840149;;;;;;
17220000;5,532682419;75,24877167;;94,18502808;;;;;;
17250000;6,130497932;74,33633423;;99,55574799;;;;;;
17280000;6,202606678;76,77635193;;90,11436462;;;;;;
17310000;6,410264015;70,58827209;;89,36677551;;;;;;
17340000;6,255185604;72,96422577;;86,28045654;;;;;;
17370000;6,014212608;86,85283661;;113,2178955;;;;;;
17400000;6,985147476;66,99369049;;106,2122498;;;;;;
17430000;7,237255096;77,94147491;;121,9588852;;;;;;
17460000;6,670370102;59,80929565;;116,0275879;;;;;;
17490000;5,556087017;84,69316864;;114,4068222;;;;;;
17520000;6,502983093;83,14079285;;78,53166199;;;;;;
17550000;8,131259918;75,89499664;;73,08424377;;;;;;
17580000;7,287405014;71,9671402;;94,3503952;;;;;;
17610000;5,951279163;62,58303452;;88,51451111;;;;;;
17640000;6,069519043;69,47383881;;100,765892;;;;;;
17670000;5,934237957;80,15122986;;91,58203888;;;;;;
17700000;6,449475288;71,03843689;;53,7591095;;;;;;
17730000;6,383093357;59,45397186;;65,98291779;;;;;;
17760000;6,27253294;64,35193634;;84,5476532;;;;;;
17790000;6,021699429;62,60058594;;92,81111145;;;;;;
17820000;6,001412392;65,65200043;;109,3339767;;;;;;
17850000;6,645283699;74,1426239;;92,92957306;;;;;;
17880000;5,631792545;58,00449371;;90,79737091;;;;;;
17910000;6,084785938;67,45545959;;80,92115021;;;;;;
17940000;6,320530415;81,4990921;;93,04192352;;;;;;
17970000;7,512694359;60,59138107;;93,99336243;;;;;;
18000000;6,521900177;69,35186768;;64,31645203;;;;;;
18030000;6,974553585;68,97318268;;51,81159592;;;;;;
18060000;6,897026539;69,24291229;;56,95098877;;;;;;
18090000;6,512212276;73,43722534;;46,21058655;;;;;;
18120000;5,714815617;77,33921814;;52,93840027;;;;;;
18150000;5,677281857;75,53201294;;42,73880768;;;;;;
18180000;6,04884243;73,00177765;;62,67360687;;;;;;
18210000;6,717767239;84,32998657;;57,49168396;;;;;;
18240000;5,903995037;89,41784668;;;;;;;;
18270000;5,308084488;67,97129059;;;;;;;;
18300000;5,420919895;68,24433136;;;;;;;;
18330000;5,869154453;69,71747589;;;;;;;;
18360000;5,968653202;70,14945221;;;;;;;;
18390000;5,89206028;70,84937286;;;;;;;;
18420000;6,489706516;67,25263214;;;;;;;;
18450000;5,771334648;73,40139771;;;;;;;;
18480000;6,478760719;68,81917572;;;;;;;;
18510000;6,875774384;65,53962708;;;;;;;;
18540000;6,376259804;87,00934601;;;;;;;;
18570000;5,860183716;75,61003113;;;;;;;;
18600000;5,664970398;82,33015442;;;;;;;;
18630000;6,057229042;79,5002594;;;;;;;;
18660000;5,928295135;72,3969574;;;;;;;;
18690000;7,342413425;84,26183319;;;;;;;;
18720000;6,735926151;78,74655914;;;;;;;;
18750000;5,887975693;79,87063599;;;;;;;;
18780000;5,205136299;78,16930389;;;;;;;;
18810000;5,767464161;99,00344086;;;;;;;;
18840000;7,617232323;78,00910187;;;;;;;;
18870000;6,699389458;74,12311554;;;;;;;;
18900000;6,465055466;85,52578735;;;;;;;;
18930000;5,652244568;77,6229248;;;;;;;;
18960000;6,340052605;83,18183136;;;;;;;;
18990000;6,377317429;76,19810486;;;;;;;;
19020000;7,283289433;74,79719543;;;;;;;;
19050000;5,577295303;91,12104797;;;;;;;;
19080000;5,793344975;91,80294037;;;;;;;;
19110000;5,930459976;75,67778015;;;;;;;;
19140000;5,314035892;85,40484619;;;;;;;;
19170000;6,127628803;70,23091888;;;;;;;;
19200000;5,881112099;84,98656464;;;;;;;;
19230000;5,821356773;87,86035156;;;;;;;;
19260000;5,663722515;84,65444946;;;;;;;;
19290000;5,796678543;75,12740326;;;;;;;;
19320000;6,205809593;88,74248505;;;;;;;;
19350000;6,85078001;72,64322662;;;;;;;;
19380000;5,525945663;88,91403198;;;;;;;;
19410000;5,815351009;73,08022308;;;;;;;;
19440000;6,377970219;65,37405396;;;;;;;;
19470000;6,468981743;82,45764923;;;;;;;;
19500000;6,098659039;76,06777954;;;;;;;;
19530000;6,982704639;92,91757202;;;;;;;;
19560000;6,351166725;73,05728912;;;;;;;;
19590000;6,566366673;77,34533691;;;;;;;;
19620000;6,752873898;75,27079773;;;;;;;;
19650000;7,625760555;77,26692963;;;;;;;;
19680000;6,061378002;76,80335999;;;;;;;;
19710000;5,714517593;74,92983246;;;;;;;;
19740000;5,775686264;88,57228851;;;;;;;;
19770000;6,826391697;65,73468018;;;;;;;;
19800000;6,016102791;73,65931702;;;;;;;;
19830000;5,711612701;84,86043549;;;;;;;;
19860000;6,429234982;91,12494659;;;;;;;;
19890000;6,827863216;71,49776459;;;;;;;;
19920000;6,695863247;67,49763489;;;;;;;;
19950000;6,526987553;70,53421021;;;;;;;;
19980000;5,985841274;89,36387634;;;;;;;;
20010000;6,082486153;85,14382172;;;;;;;;
20040000;5,899741173;92,10082245;;;;;;;;
20070000;5,91268158;76,60535431;;;;;;;;
20100000;7,627204895;77,8476181;;;;;;;;
20130000;6,094672203;73,59178925;;;;;;;;
20160000;6,77807045;80,47614288;;;;;;;;
20190000;6,790468216;81,81394196;;;;;;;;
20220000;6,20714283;;;;;;;;;
20250000;6,734189987;;;;;;;;;
20280000;7,027373314;;;;;;;;;
20310000;6,017268658;;;;;;;;;
20340000;5,611849785;;;;;;;;;
20370000;6,364812374;;;;;;;;;
20400000;5,504961491;;;;;;;;;
20430000;6,688015461;;;;;;;;;
20460000;6,900640965;;;;;;;;;
20490000;6,758759975;;;;;;;;;
20520000;5,821357727;;;;;;;;;
20550000;7,291847229;;;;;;;;;
20580000;6,082633018;;;;;;;;;
20610000;6,061830044;;;;;;;;;
20640000;6,075268269;;;;;;;;;
20670000;5,885663509;;;;;;;;;
20700000;6,142304897;;;;;;;;;
20730000;5,832623959;;;;;;;;;
20760000;5,836019039;;;;;;;;;
20790000;6,842342377;;;;;;;;;
20820000;7,844881058;;;;;;;;;
20850000;6,188984871;;;;;;;;;
20880000;5,978653908;;;;;;;;;
20910000;5,728024483;;;;;;;;;
20940000;6,176743984;;;;;;;;;
20970000;7,141179562;;;;;;;;;
21000000;6,236854553;;;;;;;;;
21030000;6,725327969;;;;;;;;;
21060000;6,384482384;;;;;;;;;
21090000;7,562222004;;;;;;;;;
21120000;6,410590172;;;;;;;;;
21150000;6,244853973;;;;;;;;;
21180000;5,454931259;;;;;;;;;
21210000;6,942081451;;;;;;;;;
21240000;6,468727112;;;;;;;;;
21270000;7,238149643;;;;;;;;;
21300000;6,126170158;;;;;;;;;
21330000;6,075901985;;;;;;;;;
21360000;7,590652943;;;;;;;;;
21390000;5,645545959;;;;;;;;;
21420000;7,103807449;;;;;;;;;
21450000;6,549917698;;;;;;;;;
21480000;6,262767792;;;;;;;;;
21510000;6,067762375;;;;;;;;;
21540000;5,902497768;;;;;;;;;
21570000;6,079733849;;;;;;;;;
21600000;6,508469105;;;;;;;;;
21630000;6,522847176;;;;;;;;;
21660000;6,323787212;;;;;;;;;
21690000;6,429848194;;;;;;;;;
21720000;6,423848152;;;;;;;;;
21750000;6,186808109;;;;;;;;;
21780000;6,835206509;;;;;;;;;
21810000;6,109564304;;;;;;;;;
21840000;5,60959816;;;;;;;;;
21870000;5,660090923;;;;;;;;;
21900000;6,258429527;;;;;;;;;
21930000;5,944300175;;;;;;;;;
21960000;6,003490448;;;;;;;;;
21990000;5,485720634;;;;;;;;;
22020000;6,437601089;;;;;;;;;
22050000;6,222363949;;;;;;;;;
22080000;7,290887356;;;;;;;;;
22110000;7,207100391;;;;;;;;;
22140000;6,847584724;;;;;;;;;
22170000;7,199469566;;;;;;;;;
22200000;6,535384178;;;;;;;;;
22230000;6,635627747;;;;;;;;;
22260000;6,557925701;;;;;;;;;
22290000;5,857665539;;;;;;;;;
22320000;5,964013577;;;;;;;;;
22350000;5,990138054;;;;;;;;;
22380000;6,88792944;;;;;;;;;
22410000;7,309695721;;;;;;;;;
22440000;5,95114994;;;;;;;;;
22470000;5,80710268;;;;;;;;;
22500000;6,643332005;;;;;;;;;
22530000;6,327599049;;;;;;;;;
22560000;6,276295185;;;;;;;;;
22590000;7,701135159;;;;;;;;;
22620000;7,21908617;;;;;;;;;
22650000;6,848912716;;;;;;;;;
22680000;7,755243778;;;;;;;;;
22710000;6,055310726;;;;;;;;;
22740000;5,857732773;;;;;;;;;
22770000;8,055857658;;;;;;;;;
22800000;6,702864647;;;;;;;;;
22830000;6,341873646;;;;;;;;;
22860000;6,132020473;;;;;;;;;
22890000;6,705021381;;;;;;;;;
22920000;5,43980217;;;;;;;;;
22950000;6,230948448;;;;;;;;;
22980000;5,918933868;;;;;;;;;
23010000;7,409229755;;;;;;;;;
23040000;6,167029381;;;;;;;;;
23070000;6,538581371;;;;;;;;;
23100000;6,778971672;;;;;;;;;
23130000;6,123733521;;;;;;;;;
23160000;5,803376675;;;;;;;;;
23190000;7,630507469;;;;;;;;;
23220000;5,93114996;;;;;;;;;
23250000;6,02393961;;;;;;;;;
23280000;6,239524364;;;;;;;;;
23310000;6,822975636;;;;;;;;;
23340000;5,901909828;;;;;;;;;
23370000;6,9814291;;;;;;;;;
23400000;6,932979584;;;;;;;;;
23430000;6,248001575;;;;;;;;;
23460000;6,674273968;;;;;;;;;
23490000;7,214598179;;;;;;;;;
23520000;6,410885811;;;;;;;;;
23550000;7,281683922;;;;;;;;;
23580000;8,57529068;;;;;;;;;
23610000;6,537511349;;;;;;;;;
23640000;5,880359173;;;;;;;;;
23670000;6,574531555;;;;;;;;;
23700000;5,693464279;;;;;;;;;
23730000;5,645328522;;;;;;;;;
23760000;5,936349869;;;;;;;;;
23790000;6,424032211;;;;;;;;;
23820000;6,477676392;;;;;;;;;
23850000;5,79779911;;;;;;;;;
23880000;5,443006516;;;;;;;;;
23910000;7,607577324;;;;;;;;;
23940000;5,45405674;;;;;;;;;
23970000;5,829344273;;;;;;;;;
24000000;7,007483006;;;;;;;;;
24030000;6,656533718;;;;;;;;;
24060000;6,450171947;;;;;;;;;
24090000;6,718408585;;;;;;;;;
24120000;6,412960052;;;;;;;;;
24150000;5,665858269;;;;;;;;;
24180000;7,482745647;;;;;;;;;
24210000;6,706453323;;;;;;;;;
24240000;7,117396832;;;;;;;;;
24270000;6,775959015;;;;;;;;;
24300000;5,705333233;;;;;;;;;
24330000;6,722212791;;;;;;;;;
24360000;5,78740406;;;;;;;;;
24390000;6,841986656;;;;;;;;;
24420000;7,908869743;;;;;;;;;
24450000;6,429993153;;;;;;;;;
24480000;8,020030975;;;;;;;;;
24510000;5,621774673;;;;;;;;;
24540000;6,702358246;;;;;;;;;
24570000;5,542405128;;;;;;;;;
24600000;5,471423626;;;;;;;;;
24630000;5,619170666;;;;;;;;;
24660000;6,568934441;;;;;;;;;
24690000;5,812727451;;;;;;;;;
