Step;ppo_expanded_looking;ppg_expanded_looking;sac_expanded_looking;droQ_expanded_looking
30000;858,75;999,0;799,8421020507812;718,1904907226562
60000;840,5428466796875;999,0;933,15625;720,40478515625
90000;942,15625;999,0;844,2777709960938;734,219482421875
120000;967,258056640625;999,0;928,875;778,2105102539062
150000;997,9666748046876;999,0;975,6774291992188;708,0
180000;909,3333129882812;999,0;926,71875;821,8919067382812
210000;958,9031982421876;999,0;947,84375;922,0
240000;909,5757446289062;999,0;845,971435546875;931,5
270000;910,2120971679688;999,0;999,0;908,1514892578125
300000;942,8125;999,0;999,0;872,7647094726562
330000;944,21875;999,0;999,0;977,1613159179688
360000;996,7666625976562;999,0;889,7647094726562;933,15625
390000;937,40625;999,0;902,1818237304688;785,2894897460938
420000;937,0;999,0;863,2000122070312;720,9512329101562
450000;967,3548583984376;999,0;828,0277709960938;976,741943359375
480000;951,2903442382812;999,0;766,4871826171875;980,774169921875
510000;909,272705078125;999,0;831,861083984375;952,0968017578125
540000;804,1080932617188;999,0;851,2000122070312;888,0
570000;970,774169921875;999,0;871,941162109375;999,0
600000;874,2647094726562;999,0;765,5250244140625;999,0
630000;933,3125;999,0;915,5625;966,9354858398438
660000;937,3125;999,0;792,4473876953125;967,0
690000;831,9729614257812;999,0;875,6286010742188;844,94287109375
720000;926,8125;999,0;856,0;929,5
750000;774,6410522460938;999,0;873,2352905273438;804,0263061523438
780000;967,0968017578124;999,0;949,3548583984376;732,4390258789062
810000;909,727294921875;999,0;999,0;665,6221923828125
840000;963,2903442382812;999,0;842,0555419921875;769,1842041015625
870000;925,15625;999,0;871,5714111328125;906,5882568359375
900000;919,51513671875;999,0;962,8709716796876;934,46875
930000;851,7714233398438;999,0;833,0;983,6333618164062
960000;734,9755859375;999,0;839,0277709960938;962,8064575195312
990000;860,2000122070312;999,0;974,0968017578124;941,5625
1020000;918,59375;999,0;903,0302734375;914,0302734375
1050000;942,3125;999,0;953,4375;966,9354858398438
1080000;877,61767578125;999,0;886,8181762695312;999,0
1110000;891,2352905273438;999,0;817,1351318359375;883,058837890625
1140000;998,5999755859376;999,0;857,0;994,8666381835938
1170000;934,375;999,0;856,914306640625;945,25
1200000;894,6969604492188;999,0;919,8485107421876;908,48486328125
1230000;965,774169921875;999,0;999,0;966,9031982421875
1260000;753,5499877929688;999,0;851,3713989257812;967,1613159179688
1290000;721,1463623046875;993,8709716796876;866,8529663085938;940,625
1320000;751,5750122070312;999,0;966,8709716796876;952,4193725585938
1350000;745,8499755859375;992,3666381835938;920,9091186523438;909,1514892578125
1380000;826,729736328125;943,65625;966,8709716796876;999,0
1410000;697,720947265625;999,0;811,2432250976562;909,0606079101562
1440000;807,4865112304688;927,8125;846,4285888671875;793,6578979492188
1470000;903,3939208984376;985,8666381835938;953,5625;999,0
1500000;827,0833129882812;900,3529663085938;838,5428466796875;683,906982421875
1530000;967,1613159179688;896,3333129882812;743,4500122070312;834,9722290039062
1560000;800,2105102539062;926,65625;863,1428833007812;881,941162109375
1590000;904,5454711914062;899,38232421875;999,0;825,2222290039062
1620000;894,1818237304688;898,3333129882812;898,8529663085938;885,3235473632812
1650000;908,5454711914062;880,9705810546875;868,3235473632812;912,8181762695312
1680000;829,0270385742188;888,7058715820312;968,3548583984376;802,5675659179688
1710000;818,7777709960938;870,3235473632812;966,9354858398438;999,0
1740000;952,34375;909,3333129882812;908,51513671875;937,59375
1770000;832,2000122070312;946,25;856,6571655273438;999,0
1800000;865,3713989257812;926,78125;879,3529663085938;940,59375
1830000;838,1944580078125;934,5625;967,6451416015624;883,7058715820312
1860000;919,15625;948,90625;999,0;937,34375
1890000;912,6969604492188;959,3548583984376;936,71875;883,0
1920000;833,6666870117188;903,1212158203124;999,0;886,88232421875
1950000;837,9444580078125;805,1351318359375;858,94287109375;910,8485107421875
1980000;846,5714111328125;817,54052734375;948,4515991210938;999,0
2010000;871,8571166992188;897,7941284179688;892,2941284179688;791,4324340820312
2040000;925,78125;857,5294189453125;966,9677124023438;966,8386840820312
2070000;896,11767578125;907,5454711914062;966,8709716796876;865,94287109375
2100000;889,0;943,5625;966,8709716796876;812,5675659179688
2130000;949,8125;959,0322875976562;966,8386840820312;964,4515991210938
2160000;910,242431640625;910,0908813476562;999,0;967,258056640625
2190000;996,8333129882812;878,3235473632812;999,0;936,75
2220000;912,48486328125;983,258056640625;966,9677124023438;797,5675659179688
2250000;897,1818237304688;987,4666748046876;999,0;942,875
2280000;921,272705078125;996,5333251953124;966,8386840820312;966,9354858398438
2310000;984,1666870117188;952,5;999,0;910,3030395507812
2340000;870,38232421875;951,6129150390624;999,0;919,0302734375
2370000;876,7142944335938;926,5757446289062;936,90625;735,5609741210938
2400000;937,4375;928,1875;999,0;684,534912109375
2430000;967,0645141601562;846,8857421875;939,21875;824,2777709960938
2460000;999,0;929,757568359375;999,0;816,5946044921875
2490000;967,1935424804688;910,75;999,0;815,729736328125
2520000;908,6363525390624;935,1875;964,48388671875;657,2391357421875
2550000;999,0;888,7941284179688;908,727294921875;776,4736938476562
2580000;966,8709716796876;846,914306640625;999,0;824,1944580078125
2610000;937,03125;871,3713989257812;967,6451416015624;744,5365600585938
2640000;999,0;962,3870849609376;962,0322875976562;812,6216430664062
2670000;999,0;934,03125;999,0;772,1052856445312
2700000;999,0;881,058837890625;999,0;816,8919067382812
2730000;966,9031982421876;901,6363525390624;967,0;887,7352905273438
2760000;999,0;899,6764526367188;999,0;812,45947265625
2790000;999,0;862,94287109375;999,0;812,8648681640625
2820000;999,0;941,6129150390624;966,9031982421876;758,4102783203125
2850000;966,8709716796876;853,138916015625;936,75;865,1142578125
2880000;999,0;856,38232421875;856,8285522460938;739,7000122070312
2910000;999,0;926,0606079101562;903,6060791015624;774,6410522460938
2940000;999,0;964,6451416015624;925,6969604492188;791,73681640625
2970000;966,9031982421876;877,61767578125;881,941162109375;822,3055419921875
3000000;999,0;903,3030395507812;999,0;859,3713989257812
3030000;908,4545288085938;893,4117431640625;999,0;771,4871826171875
3060000;966,9031982421876;935,96875;999,0;882,058837890625
3090000;966,8709716796876;894,6969604492188;999,0;834,6944580078125
3120000;999,0;915,8485107421876;999,0;838,971435546875
3150000;999,0;909,1212158203124;928,78125;859,6286010742188
3180000;999,0;881,3235473632812;900,6363525390625;857,2285766601562
3210000;999,0;976,0645141601562;909,9091186523438;834,0277709960938
3240000;966,9031982421876;924,90625;962,6129150390624;772,4871826171875
3270000;936,75;974,0;962,6129150390624;775,3846435546875
3300000;999,0;936,75;999,0;813,7838134765625
3330000;999,0;819,5555419921875;916,5454711914062;689,279052734375
3360000;966,8709716796876;850,111083984375;941,625;528,2142944335938
3390000;999,0;919,375;936,96875;795,1578979492188
3420000;999,0;926,8485107421876;999,0;701,6279296875
3450000;999,0;931,1875;999,0;717,8809814453125
3480000;999,0;893,6363525390625;812,8648681640625;865,058837890625
3510000;882,6764526367188;914,9393920898438;999,0;733,8780517578125
3540000;999,0;955,0968017578124;999,0;700,6279296875
3570000;966,8709716796876;941,5625;991,2666625976562;811,5946044921875
3600000;966,8709716796876;970,48388671875;999,0;908,48486328125
3630000;966,8709716796876;851,4571533203125;787,23681640625;750,3333129882812
3660000;966,9031982421876;898,9697265625;509,362060546875;839,4722290039062
3690000;936,78125;909,1764526367188;861,3713989257812;820,810791015625
3720000;999,0;948,2903442382812;923,4545288085938;862,0294189453125
3750000;968,1666870117188;872,5;882,4117431640625;834,9444580078125
3780000;909,8485107421876;845,75;914,8125;782,1025390625
3810000;966,9031982421876;921,09375;999,0;716,3095092773438
3840000;937,71875;931,8787841796876;999,0;751,375
3870000;967,8386840820312;971,5806274414062;932,1212158203124;812,7026977539062
3900000;966,9031982421876;938,1290283203124;990,4000244140624;728,4500122070312
3930000;936,78125;873,4285888671875;964,1290283203124;822,810791015625
3960000;966,9031982421876;873,2941284179688;957,0645141601562;733,375
3990000;920,6363525390624;903,5454711914062;999,0;747,1219482421875
4020000;966,8709716796876;911,3030395507812;999,0;769,7179565429688
4050000;999,0;959,51611328125;999,0;936,84375
4080000;999,0;877,1470336914062;999,0;882,0
4110000;937,5;824,6216430664062;999,0;713,3902587890625
4140000;966,9031982421876;975,225830078125;999,0;752,3250122070312
4170000;999,0;953,4193725585938;999,0;734,4634399414062
4200000;937,65625;943,21875;999,0;780,8204956054688
4230000;981,2000122070312;909,51513671875;999,0;833,138916015625
4260000;999,0;936,6875;999,0;698,7674560546875
4290000;999,0;947,0;966,8709716796876;729,8499755859375
4320000;967,5484008789062;948,5625;927,2120971679688;860,7142944335938
4350000;966,9354858398438;947,25;999,0;881,9117431640625
4380000;999,0;914,53125;967,0645141601562;934,0
4410000;937,375;886,11767578125;997,7666625976562;834,0833129882812
4440000;937,34375;921,5757446289062;982,4666748046876;783,5789184570312
4470000;910,9091186523438;837,4166870117188;981,48388671875;833,5
4500000;882,558837890625;983,1333618164062;999,0;774,5128173828125
4530000;937,5625;945,59375;999,0;881,9117431640625
4560000;936,75;906,272705078125;974,2000122070312;750,9249877929688
4590000;999,0;943,90625;878,7999877929688;908,8181762695312
4620000;936,78125;984,7000122070312;938,0625;751,0499877929688
4650000;999,0;996,6666870117188;922,15625;833,388916015625
4680000;999,0;920,5454711914062;978,225830078125;909,0908813476562
4710000;999,0;889,8181762695312;810,0;784,8157958984375
4740000;967,2903442382812;958,375;986,5806274414062;758,7435913085938
4770000;967,8064575195312;976,7333374023438;999,0;769,6666870117188
4800000;938,25;973,9677124023438;999,0;834,3055419921875
4830000;994,4000244140624;999,0;999,0;711,0465087890625
4860000;937,625;888,6764526367188;999,0;717,9268188476562
4890000;970,2903442382812;882,2647094726562;999,0;751,4500122070312
4920000;909,3333129882812;909,6969604492188;999,0;716,3333129882812
4950000;936,84375;958,5806274414062;999,0;790,76318359375
4980000;966,8709716796876;934,21875;999,0;771,7948608398438
5010000;999,0;906,8787841796876;999,0;745,076904296875
5040000;908,5454711914062;972,8386840820312;999,0;772,5384521484375
5070000;936,84375;930,59375;999,0;643,1702270507812
5100000;999,0;878,7058715820312;999,0;704,7442016601562
5130000;883,1470336914062;977,5806274414062;999,0;685,3181762695312
5160000;999,0;920,9375;999,0;708,0975341796875
5190000;966,9354858398438;905,1514892578124;967,0;738,0
5220000;966,9031982421876;948,71875;926,84375;716,7857055664062
5250000;999,0;917,9697265625;740,6097412109375;734,3902587890625
5280000;967,741943359375;913,3636474609376;941,71875;686,1591186523438
5310000;937,9375;964,8064575195312;925,25;762,8204956054688
5340000;883,6470336914062;961,741943359375;967,0322875976562;750,4749755859375
5370000;999,0;999,0;982,5;777,368408203125
5400000;967,5484008789062;948,51611328125;999,0;701,5581665039062
5430000;999,0;991,7096557617188;884,7647094726562;701,093017578125
5460000;938,1875;926,9375;878,058837890625;717,6190185546875
5490000;937,90625;902,5757446289062;980,1613159179688;728,3250122070312
5520000;966,9031982421876;991,8333129882812;924,71875;685,5908813476562
5550000;999,0;917,7879028320312;944,71875;699,3720703125
5580000;906,65625;879,9117431640625;978,0645141601562;692,5908813476562
5610000;999,0;896,0302734375;999,0;707,5714111328125
5640000;966,9354858398438;931,6666870117188;999,0;802,8378295898438
5670000;999,0;944,3548583984376;999,0;759,3589477539062
5700000;936,8125;999,0;999,0;791,3421020507812
5730000;998,5;944,53125;999,0;667,6444702148438
5760000;909,4242553710938;937,84375;999,0;628,8125
5790000;999,0;929,71875;999,0;830,1944580078125
5820000;999,0;945,34375;999,0;883,3235473632812
5850000;910,8181762695312;919,8181762695312;999,0;740,6500244140625
5880000;966,8709716796876;936,75;920,5625;822,0270385742188
5910000;966,8709716796876;919,53125;999,0;738,4749755859375
5940000;882,7647094726562;979,3225708007812;906,9393920898438;797,631591796875
5970000;999,0;956,8386840820312;974,5806274414062;754,5384521484375
6000000;968,0322875976562;883,2941284179688;999,0;836,0555419921875
6030000;966,8386840820312;856,5428466796875;684,977294921875;771,8461303710938
6060000;937,09375;940,3125;972,9031982421876;772,8974609375
6090000;999,0;900,0606079101562;824,361083984375;857,4000244140625
6120000;937,125;845,4444580078125;995,8666381835938;862,7999877929688
6150000;936,75;855,88232421875;967,8064575195312;967,1613159179688
6180000;967,1935424804688;961,5;968,48388671875;908,3939208984375
6210000;967,7096557617188;817,5;999,0;720,9024658203125
6240000;999,0;958,7096557617188;974,0;939,8125
6270000;938,40625;971,8064575195312;941,65625;881,941162109375
6300000;937,0625;874,7058715820312;952,258056640625;942,4375
6330000;910,1818237304688;924,8181762695312;925,4375;834,4444580078125
6360000;966,9031982421876;901,9393920898438;989,6774291992188;966,8709716796875
6390000;999,0;976,6451416015624;965,2903442382812;936,6875
6420000;999,0;999,0;999,0;857,3142700195312
6450000;967,5806274414062;916,0606079101562;981,8333129882812;883,5294189453125
6480000;967,225830078125;941,6451416015624;999,0;912,8125
6510000;999,0;999,0;977,8709716796876;881,8529663085938
6540000;858,5714111328125;968,9031982421876;977,3225708007812;999,0
6570000;882,7058715820312;935,40625;973,8666381835938;999,0
6600000;882,1470336914062;970,6451416015624;999,0;936,875
6630000;948,5806274414062;899,4117431640625;969,9677124023438;833,7222290039062
6660000;999,0;973,0;999,0;834,1666870117188
6690000;966,8709716796876;923,0606079101562;972,5806274414062;908,4242553710938
6720000;941,875;993,9000244140624;999,0;933,28125
6750000;937,65625;924,65625;999,0;882,9705810546875
6780000;937,59375;961,84375;985,6666870117188;874,971435546875
6810000;909,51513671875;999,0;941,8125;937,96875
6840000;966,8709716796876;977,3333129882812;999,0;967,2903442382812
6870000;909,1818237304688;974,3870849609376;985,3225708007812;967,1290283203125
6900000;957,3870849609376;949,5625;975,2999877929688;856,7714233398438
6930000;999,0;925,21875;977,258056640625;779,0526123046875
6960000;966,8386840820312;881,3529663085938;950,3125;911,1514892578125
6990000;882,5294189453125;990,566650390625;972,933349609375;887,6470336914062
7020000;967,7096557617188;885,4705810546875;927,2120971679688;890,727294921875
7050000;938,625;886,3529663085938;999,0;936,90625
7080000;999,0;939,59375;979,1333618164062;939,0625
7110000;967,6129150390624;872,9117431640625;906,5882568359376;968,0
7140000;999,0;919,0606079101562;998,7666625976562;911,51513671875
7170000;909,6060791015624;888,6666870117188;988,4000244140624;908,5454711914062
7200000;966,9354858398438;878,2647094726562;983,4000244140624;966,9031982421875
7230000;936,8125;933,5454711914062;966,9031982421876;966,8709716796875
7260000;882,1470336914062;879,88232421875;966,8709716796876;957,7096557617188
7290000;999,0;995,2666625976562;999,0;848,9166870117188
7320000;937,09375;966,225830078125;992,0968017578124;842,971435546875
7350000;938,03125;937,09375;979,1333618164062;836,4166870117188
7380000;967,5484008789062;922,1875;986,7999877929688;968,5806274414062
7410000;966,8709716796876;963,0968017578124;911,1212158203124;908,6060791015625
7440000;937,71875;940,46875;939,59375;882,7058715820312
7470000;999,0;941,5;966,9031982421876;949,741943359375
7500000;966,9031982421876;935,5;999,0;958,46875
7530000;967,5806274414062;892,2058715820312;999,0;977,6666870117188
7560000;857,2571411132812;960,1613159179688;999,0;999,0
7590000;966,8709716796876;915,8485107421876;999,0;883,1764526367188
7620000;999,0;934,25;999,0;860,5999755859375
7650000;966,9031982421876;978,6333618164062;999,0;815,0810546875
7680000;966,8386840820312;907,2120971679688;973,0;921,25
7710000;999,0;969,2903442382812;999,0;850,05712890625
7740000;999,0;969,0645141601562;991,2000122070312;856,3055419921875
7770000;999,0;929,0625;970,1290283203124;937,1875
7800000;967,48388671875;946,9375;966,5484008789062;860,8235473632812
7830000;966,8709716796876;994,6333618164062;924,6363525390624;968,5484008789062
7860000;936,78125;943,1875;999,0;897,0882568359375
7890000;967,3870849609376;922,6969604492188;999,0;914,2120971679688
7920000;998,7333374023438;999,0;999,0;966,8709716796875
7950000;999,0;999,0;920,125;907,40625
7980000;999,0;999,0;945,90625;999,0
8010000;999,0;978,8333129882812;992,0;873,6571655273438
8040000;938,34375;990,1666870117188;988,2333374023438;894,4545288085938
8070000;968,0;971,6129150390624;970,1935424804688;874,4857177734375
8100000;999,0;999,0;999,0;999,0
8130000;881,8529663085938;944,96875;999,0;880,0882568359375
8160000;999,0;972,8709716796876;988,2903442382812;909,6060791015625
8190000;999,0;999,0;982,2999877929688;939,15625
8220000;967,8064575195312;949,8386840820312;971,225830078125;966,9031982421875
8250000;938,0;999,0;939,875;882,0606079101562
8280000;999,0;969,5806274414062;982,2000122070312;773,7948608398438
8310000;909,51513671875;915,1514892578124;990,1290283203124;609,0408325195312
8340000;999,0;983,4515991210938;912,90625;693,227294921875
8370000;967,5484008789062;938,9354858398438;717,5814208984375;627,6041870117188
8400000;999,0;963,125;856,3713989257812;672,272705078125
8430000;999,0;999,0;925,34375;686,022705078125
8460000;967,566650390625;967,7000122070312;967,258056640625;857,028564453125
8490000;966,8709716796876;965,9375;963,9031982421876;940,3225708007812
8520000;938,15625;965,1290283203124;996,7999877929688;908,5757446289062
8550000;999,0;970,5333251953124;960,51611328125;912,1818237304688
8580000;967,8386840820312;899,5;937,75;936,78125
8610000;936,84375;990,7666625976562;972,6451416015624;908,8181762695312
8640000;967,5484008789062;905,0302734375;966,48388671875;966,9031982421875
8670000;936,75;971,741943359375;950,48388671875;856,8285522460938
8700000;966,8709716796876;947,71875;980,6774291992188;866,4571533203125
8730000;909,1818237304688;999,0;981,1935424804688;919,40625
8760000;909,757568359375;983,5;988,933349609375;942,09375
8790000;856,7714233398438;962,8064575195312;953,6451416015624;982,3548583984375
8820000;967,6451416015624;951,78125;952,625;889,38232421875
8850000;999,0;995,0;993,0;937,125
8880000;966,9031982421876;958,9354858398438;961,3548583984376;970,5999755859375
8910000;938,21875;967,0322875976562;975,774169921875;909,6060791015625
8940000;858,5142822265625;998,2333374023438;956,8709716796876;820,0540771484375
8970000;999,0;956,3225708007812;901,2120971679688;882,61767578125
9000000;908,5757446289062;960,28125;983,9354858398438;941,5
9030000;966,9031982421876;982,7999877929688;919,78125;857,2857055664062
9060000;999,0;999,0;939,0625;967,0645141601562
9090000;882,7352905273438;993,933349609375;987,774169921875;909,0
9120000;999,0;946,78125;999,0;937,1875
9150000;966,9031982421876;974,6774291992188;944,0322875976562;999,0
9180000;966,9031982421876;974,0;998,4666748046876;999,0
9210000;966,8386840820312;976,7096557617188;931,7879028320312;967,258056640625
9240000;966,8709716796876;919,0302734375;959,741943359375;915,8125
9270000;967,7096557617188;981,433349609375;971,2903442382812;891,9117431640625
9300000;999,0;948,125;858,4705810546875;859,7999877929688
9330000;966,9031982421876;999,0;777,1538696289062;909,3939208984375
9360000;999,0;998,6333618164062;651,6087036132812;951,5806274414062
9390000;999,0;946,65625;891,8529663085938;940,3125
9420000;999,0;983,6333618164062;908,8181762695312;963,0645141601562
9450000;936,78125;999,0;973,1666870117188;965,9677124023438
9480000;999,0;955,6451416015624;946,4375;858,6571655273438
9510000;999,0;968,3225708007812;999,0;937,3125
9540000;967,9354858398438;999,0;986,2903442382812;953,78125
9570000;966,8709716796876;948,03125;947,741943359375;791,270263671875
9600000;999,0;995,3333129882812;999,0;967,4515991210938
9630000;999,0;974,9354858398438;999,0;897,558837890625
9660000;999,0;954,9677124023438;986,0;942,4193725585938
9690000;973,8386840820312;997,433349609375;946,0;999,0
9720000;966,9031982421876;973,1935424804688;918,3939208984376;971,258056640625
9750000;999,0;987,6333618164062;960,1290283203124;992,9000244140625
9780000;999,0;923,4545288085938;999,0;840,25
9810000;999,0;945,375;967,1290283203124;990,4666748046875
9840000;966,9031982421876;955,0645141601562;946,25;735,4285888671875
9870000;966,9031982421876;959,1613159179688;999,0;999,0
9900000;937,3125;970,258056640625;966,4515991210938;999,0
9930000;966,8709716796876;971,1290283203124;967,0645141601562;984,566650390625
9960000;936,8125;944,84375;933,125;977,9354858398438
9990000;999,0;970,2903442382812;966,774169921875;975,7333374023438
10020000;999,0;978,2000122070312;976,8386840820312;936,8125
10050000;999,0;972,1613159179688;996,933349609375;999,0
10080000;966,8709716796876;994,0999755859376;999,0;999,0
10110000;999,0;999,0;973,5999755859376;937,90625
10140000;966,9031982421876;988,9354858398438;972,48388671875;863,05712890625
10170000;999,0;967,4515991210938;881,5294189453125;999,0
10200000;999,0;954,1290283203124;945,8125;999,0
10230000;999,0;983,066650390625;966,8709716796876;999,0
10260000;999,0;902,8529663085938;925,9375;999,0
10290000;999,0;965,0645141601562;978,8064575195312;999,0
10320000;999,0;916,0625;969,0322875976562;966,8709716796875
10350000;999,0;958,90625;995,2333374023438;843,6944580078125
10380000;999,0;968,1935424804688;991,7000122070312;994,1333618164062
10410000;999,0;900,6969604492188;984,9031982421876;999,0
10440000;984,6333618164062;912,8787841796876;994,0333251953124;982,2999877929688
10470000;999,0;960,8709716796876;999,0;999,0
10500000;999,0;892,727294921875;999,0;999,0
10530000;999,0;913,9393920898438;999,0;999,0
10560000;999,0;976,8709716796876;974,2333374023438;965,8709716796875
10590000;999,0;959,0322875976562;957,34375;989,0645141601562
10620000;966,774169921875;989,6333618164062;999,0;999,0
10650000;999,0;953,4375;999,0;999,0
10680000;966,9354858398438;925,4375;999,0;999,0
10710000;999,0;973,5806274414062;968,7096557617188;999,0
10740000;999,0;961,5806274414062;930,03125;999,0
10770000;999,0;989,2333374023438;943,9375;999,0
10800000;966,9031982421876;915,0606079101562;757,1538696289062;999,0
10830000;999,0;939,03125;881,0294189453125;999,0
10860000;967,5484008789062;964,225830078125;876,441162109375;999,0
10890000;908,5454711914062;936,03125;951,4375;999,0
10920000;999,0;953,6875;968,4515991210938;999,0
10950000;999,0;972,3333129882812;995,4000244140624;999,0
10980000;999,0;913,0302734375;988,0;999,0
11010000;999,0;999,0;999,0;982,9666748046875
11040000;967,4193725585938;970,1613159179688;988,1613159179688;999,0
11070000;999,0;969,0;974,3666381835938;999,0
11100000;999,0;942,03125;999,0;976,8709716796875
11130000;966,9354858398438;976,225830078125;999,0;999,0
11160000;966,8709716796876;929,84375;995,5;902,6060791015625
11190000;999,0;978,0322875976562;967,1613159179688;999,0
11220000;999,0;946,7096557617188;973,258056640625;999,0
11250000;999,0;964,6774291992188;859,7428588867188;995,0999755859375
11280000;999,0;955,59375;937,34375;973,7096557617188
11310000;999,0;978,2999877929688;999,0;999,0
11340000;975,4193725585938;969,741943359375;999,0;966,8386840820312
11370000;966,9031982421876;937,5;957,3225708007812;999,0
11400000;999,0;984,1290283203124;981,8064575195312;966,9354858398438
11430000;999,0;987,4666748046876;999,0;999,0
11460000;999,0;947,03125;999,0;999,0
11490000;999,0;987,9666748046876;936,9375;999,0
11520000;999,0;990,0;968,3225708007812;999,0
11550000;966,8709716796876;936,1875;995,066650390625;999,0
11580000;999,0;949,46875;967,1290283203124;985,0333251953125
11610000;966,9354858398438;999,0;947,34375;968,1613159179688
11640000;999,0;971,8386840820312;999,0;990,3666381835938
11670000;999,0;968,4515991210938;986,6333618164062;993,774169921875
11700000;999,0;989,433349609375;834,3055419921875;999,0
11730000;966,9354858398438;944,25;831,6944580078125;967,4515991210938
11760000;967,6451416015624;999,0;999,0;778,8157958984375
11790000;999,0;940,9677124023438;999,0;920,90625
11820000;981,566650390625;999,0;999,0;972,8064575195312
11850000;999,0;993,9354858398438;999,0;995,5999755859375
11880000;999,0;960,3225708007812;966,1935424804688;981,3870849609375
11910000;967,0322875976562;999,0;952,6451416015624;945,59375
11940000;937,5;944,4375;967,9354858398438;958,5484008789062
11970000;966,9031982421876;974,0333251953124;999,0;999,0
12000000;999,0;999,0;982,2903442382812;968,4193725585938
12030000;999,0;928,1514892578124;999,0;986,433349609375
12060000;999,0;965,0645141601562;999,0;999,0
12090000;999,0;984,0333251953124;948,1613159179688;999,0
12120000;999,0;985,5806274414062;970,5806274414062;999,0
12150000;999,0;996,933349609375;999,0;999,0
12180000;936,90625;974,2999877929688;999,0;999,0
12210000;966,9031982421876;971,3870849609376;960,9031982421876;999,0
12240000;999,0;927,0625;936,4375;999,0
12270000;999,0;978,3870849609376;994,1613159179688;999,0
12300000;967,0645141601562;968,741943359375;999,0;999,0
12330000;966,9031982421876;970,1613159179688;884,242431640625;999,0
12360000;966,9031982421876;969,258056640625;884,1470336914062;999,0
12390000;936,8125;973,48388671875;862,6857299804688;999,0
12420000;999,0;975,4000244140624;851,2571411132812;922,6060791015625
12450000;966,9031982421876;992,0322875976562;957,625;966,9031982421875
12480000;999,0;938,8386840820312;967,3225708007812;999,0
12510000;966,8386840820312;979,3548583984376;974,5;999,0
12540000;999,0;969,1290283203124;993,0333251953124;999,0
12570000;936,8125;951,0968017578124;959,28125;999,0
12600000;999,0;999,0;858,2000122070312;999,0
12630000;999,0;942,46875;972,0333251953124;999,0
12660000;999,0;951,40625;961,71875;966,8709716796875
12690000;966,9354858398438;967,774169921875;967,51611328125;999,0
12720000;999,0;997,7000122070312;909,48486328125;999,0
12750000;966,9031982421876;972,741943359375;808,4166870117188;999,0
12780000;999,0;962,0968017578124;999,0;984,0
12810000;999,0;999,0;966,8709716796876;999,0
12840000;999,0;984,566650390625;883,38232421875;999,0
12870000;999,0;848,6666870117188;750,1500244140625;999,0
12900000;999,0;938,3125;834,5555419921875;999,0
12930000;999,0;932,5;892,4117431640625;999,0
12960000;999,0;959,774169921875;886,38232421875;999,0
12990000;999,0;973,9354858398438;836,5833129882812;972,3870849609375
13020000;999,0;999,0;920,40625;883,88232421875
13050000;999,0;964,6451416015624;817,1080932617188;966,0968017578125
13080000;999,0;950,3870849609376;896,1818237304688;936,78125
13110000;999,0;999,0;864,8857421875;964,774169921875
13140000;999,0;978,0645141601562;955,4193725585938;919,242431640625
13170000;999,0;999,0;945,9375;927,84375
13200000;999,0;965,0645141601562;934,78125;824,4444580078125
13230000;969,225830078125;948,9375;945,59375;863,2857055664062
13260000;999,0;969,2999877929688;967,2903442382812;870,441162109375
13290000;999,0;949,5;969,3225708007812;919,0
13320000;936,78125;999,0;883,4545288085938;902,9697265625
13350000;999,0;950,71875;806,6578979492188;999,0
13380000;999,0;944,0;811,0;958,1935424804688
13410000;966,774169921875;999,0;947,34375;969,8709716796875
13440000;999,0;915,6666870117188;967,0;909,51513671875
13470000;937,75;947,21875;981,6129150390624;908,8787841796875
13500000;999,0;999,0;932,6875;999,0
13530000;999,0;985,3333129882812;918,4375;999,0
13560000;999,0;941,96875;977,1613159179688;967,4515991210938
13590000;999,0;958,1613159179688;979,2903442382812;999,0
13620000;999,0;981,258056640625;858,2058715820312;999,0
13650000;999,0;981,2999877929688;930,8181762695312;999,0
13680000;966,9031982421876;960,8709716796876;999,0;999,0
13710000;937,78125;950,0625;966,3548583984376;999,0
13740000;999,0;995,5999755859376;999,0;999,0
13770000;999,0;992,566650390625;993,9000244140624;936,78125
13800000;995,5;850,8857421875;998,5333251953124;999,0
13830000;999,0;999,0;977,3666381835938;999,0
13860000;999,0;961,375;999,0;999,0
13890000;999,0;973,7666625976562;999,0;999,0
13920000;999,0;967,6451416015624;851,5833129882812;999,0
13950000;999,0;988,9031982421876;940,5;999,0
13980000;937,9375;982,9666748046876;946,6129150390624;999,0
14010000;999,0;989,7999877929688;943,625;999,0
14040000;999,0;933,0908813476562;902,0908813476562;999,0
14070000;999,0;999,0;743,4749755859375;967,3870849609375
14100000;967,0968017578124;903,4242553710938;937,9091186523438;999,0
14130000;999,0;981,0;999,0;999,0
14160000;999,0;999,0;999,0;966,9031982421875
14190000;966,8709716796876;956,40625;999,0;999,0
14220000;999,0;900,6363525390625;905,84375;999,0
14250000;999,0;955,3548583984376;973,6129150390624;996,0333251953125
14280000;999,0;950,03125;907,5757446289062;999,0
14310000;999,0;970,6129150390624;972,8064575195312;999,0
14340000;999,0;999,0;985,3870849609376;999,0
14370000;999,0;888,51513671875;973,433349609375;999,0
14400000;966,774169921875;926,2120971679688;999,0;999,0
14430000;999,0;916,84375;999,0;967,7096557617188
14460000;936,84375;921,5454711914062;946,53125;997,433349609375
14490000;999,0;895,6666870117188;999,0;999,0
14520000;971,2903442382812;947,125;966,9031982421876;999,0
14550000;999,0;934,59375;999,0;970,6451416015625
14580000;967,51611328125;917,3636474609376;999,0;991,5
14610000;999,0;929,65625;999,0;966,9354858398438
14640000;999,0;940,0;968,774169921875;999,0
14670000;967,6129150390624;949,0625;967,1613159179688;999,0
14700000;999,0;887,242431640625;999,0;999,0
14730000;967,6129150390624;918,0;999,0;999,0
14760000;999,0;925,8125;956,3870849609376;999,0
14790000;936,90625;938,65625;999,0;999,0
14820000;999,0;877,2647094726562;967,4193725585938;999,0
14850000;999,0;844,3333129882812;967,0968017578124;999,0
14880000;999,0;979,6333618164062;943,4375;999,0
14910000;999,0;882,4705810546875;961,9677124023438;909,51513671875
14940000;966,9031982421876;937,375;885,11767578125;835,8333129882812
14970000;999,0;950,96875;947,75;941,90625
15000000;999,0;886,8529663085938;988,8666381835938;761,076904296875
15030000;999,0;982,6666870117188;991,4000244140624;968,4515991210938
15060000;999,0;822,0540771484375;959,9677124023438;999,0
15090000;936,71875;896,0908813476562;999,0;994,7666625976562
15120000;999,0;903,7879028320312;966,1935424804688;999,0
15150000;999,0;993,066650390625;965,8386840820312;999,0
15180000;999,0;917,0;999,0;999,0
15210000;999,0;866,5142822265625;897,7058715820312;999,0
15240000;999,0;991,3666381835938;937,53125;999,0
15270000;967,4193725585938;974,5806274414062;856,2285766601562;999,0
15300000;967,4193725585938;839,4285888671875;969,4193725585938;999,0
15330000;999,0;890,2352905273438;958,1935424804688;999,0
15360000;999,0;934,5625;987,4666748046876;999,0
15390000;999,0;874,4705810546875;976,3225708007812;999,0
15420000;999,0;962,09375;999,0;967,4193725585938
15450000;973,933349609375;905,9393920898438;892,6470336914062;999,0
15480000;967,51611328125;882,7647094726562;985,4000244140624;999,0
15510000;936,71875;866,3235473632812;982,3548583984376;968,1290283203125
15540000;999,0;944,6875;966,8709716796876;999,0
15570000;999,0;926,875;999,0;999,0
15600000;999,0;822,1621704101562;977,2999877929688;999,0
15630000;966,8386840820312;882,7647094726562;954,625;987,774169921875
15660000;966,9354858398438;842,085693359375;988,0999755859376;999,0
15690000;999,0;878,0882568359375;894,9697265625;999,0
15720000;967,1290283203124;890,5;766,8499755859375;999,0
15750000;999,0;918,8485107421876;999,0;999,0
15780000;999,0;867,2352905273438;861,2571411132812;999,0
15810000;999,0;953,21875;935,5484008789062;999,0
15840000;999,0;905,4242553710938;999,0;999,0
15870000;999,0;833,0;999,0;967,2903442382812
15900000;999,0;827,8055419921875;999,0;999,0
15930000;999,0;838,3142700195312;938,78125;995,6666870117188
15960000;908,6060791015624;891,3529663085938;865,8571166992188;913,6969604492188
15990000;999,0;824,3055419921875;999,0;853,7058715820312
16020000;999,0;852,638916015625;999,0;999,0
16050000;999,0;925,90625;994,8333129882812;999,0
16080000;999,0;920,6969604492188;893,058837890625;999,0
16110000;966,774169921875;835,3142700195312;892,272705078125;999,0
16140000;999,0;902,5454711914062;963,3548583984376;999,0
16170000;999,0;873,2857055664062;999,0;999,0
16200000;999,0;863,7999877929688;967,4515991210938;999,0
16230000;999,0;862,11767578125;988,9031982421876;968,0322875976562
16260000;999,0;844,0555419921875;999,0;999,0
16290000;999,0;823,6666870117188;986,7333374023438;999,0
16320000;999,0;894,058837890625;932,0;999,0
16350000;999,0;803,270263671875;999,0;999,0
16380000;999,0;810,6486206054688;999,0;999,0
16410000;999,0;905,0;999,0;999,0
16440000;999,0;819,611083984375;998,566650390625;999,0
16470000;999,0;835,5833129882812;928,96875;999,0
16500000;999,0;780,7692260742188;946,75;999,0
16530000;999,0;834,5833129882812;967,1290283203124;999,0
16560000;999,0;914,0;936,90625;999,0
16590000;999,0;831,0540771484375;945,84375;999,0
16620000;999,0;832,9444580078125;850,94287109375;999,0
16650000;999,0;919,90625;944,71875;999,0
16680000;999,0;842,0;;999,0
16710000;999,0;884,558837890625;;999,0
16740000;999,0;856,4857177734375;;999,0
16770000;999,0;799,4324340820312;;999,0
16800000;967,51611328125;935,21875;;999,0
16830000;999,0;917,4242553710938;;987,6129150390625
16860000;999,0;839,4722290039062;;970,1935424804688
16890000;999,0;954,3870849609376;;999,0
16920000;999,0;867,7142944335938;;999,0
16950000;999,0;911,9375;;999,0
16980000;967,3225708007812;828,9189453125;;977,5
17010000;999,0;845,4571533203125;;999,0
17040000;999,0;822,0270385742188;;999,0
17070000;999,0;726,9000244140625;;999,0
17100000;967,7096557617188;820,0810546875;;999,0
17130000;937,40625;849,6857299804688;;999,0
17160000;999,0;877,6857299804688;;967,258056640625
17190000;999,0;813,6944580078125;;972,9354858398438
17220000;967,225830078125;858,5142822265625;;999,0
17250000;999,0;828,4722290039062;;996,3333129882812
17280000;999,0;853,6571655273438;;999,0
17310000;999,0;846,4166870117188;;966,9354858398438
17340000;999,0;836,138916015625;;978,48388671875
17370000;999,0;893,7879028320312;;999,0
17400000;999,0;805,4210815429688;;999,0
17430000;999,0;890,7879028320312;;999,0
17460000;999,0;686,8863525390625;;999,0
17490000;999,0;868,38232421875;;999,0
17520000;966,8709716796876;877,7428588867188;;999,0
17550000;967,9031982421876;789,131591796875;;999,0
17580000;967,2903442382812;815,138916015625;;999,0
17610000;937,34375;741,3902587890625;;999,0
17640000;999,0;792,6052856445312;;999,0
17670000;936,71875;924,84375;;970,1613159179688
17700000;908,9091186523438;798,2973022460938;;970,1290283203125
17730000;999,0;716,0714111328125;;999,0
17760000;966,9031982421876;794,2894897460938;;966,9031982421875
17790000;999,0;707,3953247070312;;999,0
17820000;999,0;736,25;;999,0
17850000;967,48388671875;751,9000244140625;;999,0
17880000;966,9031982421876;736,0244140625;;999,0
17910000;999,0;781,6578979492188;;999,0
17940000;999,0;851,2857055664062;;999,0
17970000;999,0;756,875;;999,0
18000000;967,4193725585938;775,5526123046875;;999,0
18030000;999,0;797,2894897460938;;967,3225708007812
18060000;999,0;838,4722290039062;;999,0
18090000;999,0;794,270263671875;;999,0
18120000;967,741943359375;881,9705810546875;;999,0
18150000;966,8386840820312;822,9189453125;;999,0
18180000;966,9354858398438;803,9459228515625;;971,5333251953125
18210000;999,0;820,75;;933,727294921875
18240000;999,0;941,40625;;
18270000;999,0;833,111083984375;;
18300000;967,51611328125;809,1842041015625;;
18330000;999,0;810,5277709960938;;
18360000;999,0;852,5833129882812;;
18390000;999,0;869,1470336914062;;
18420000;999,0;811,5946044921875;;
18450000;967,6451416015624;754,7000122070312;;
18480000;999,0;851,4285888671875;;
18510000;999,0;774,076904296875;;
18540000;999,0;866,8529663085938;;
18570000;999,0;818,3243408203125;;
18600000;999,0;837,888916015625;;
18630000;968,0;881,0302734375;;
18660000;967,4515991210938;814,0540771484375;;
18690000;966,9354858398438;888,88232421875;;
18720000;963,1290283203124;853,8857421875;;
18750000;999,0;850,1944580078125;;
18780000;967,6129150390624;827,111083984375;;
18810000;937,625;951,6451416015624;;
18840000;999,0;810,9459228515625;;
18870000;999,0;804,6842041015625;;
18900000;999,0;828,4285888671875;;
18930000;967,8064575195312;866,8571166992188;;
18960000;999,0;924,71875;;
18990000;999,0;841,6944580078125;;
19020000;999,0;862,0;;
19050000;999,0;952,9354858398438;;
19080000;999,0;901,5294189453124;;
19110000;967,51611328125;784,23681640625;;
19140000;999,0;905,3333129882812;;
19170000;967,5484008789062;838,638916015625;;
19200000;966,9031982421876;947,3225708007812;;
19230000;999,0;924,1212158203124;;
19260000;999,0;948,3225708007812;;
19290000;966,9354858398438;814,1351318359375;;
19320000;973,1290283203124;854,914306640625;;
19350000;999,0;823,3513793945312;;
19380000;909,8181762695312;921,21875;;
19410000;967,6451416015624;860,1142578125;;
19440000;999,0;851,971435546875;;
19470000;962,5484008789062;817,5675659179688;;
19500000;937,875;821,2777709960938;;
19530000;967,741943359375;967,3870849609376;;
19560000;999,0;829,0810546875;;
19590000;999,0;904,2120971679688;;
19620000;999,0;907,6969604492188;;
19650000;999,0;896,242431640625;;
19680000;999,0;843,5;;
19710000;999,0;788,3421020507812;;
19740000;966,9031982421876;818,138916015625;;
19770000;967,5806274414062;862,6571655273438;;
19800000;936,875;888,8529663085938;;
19830000;999,0;871,8529663085938;;
19860000;906,8125;921,1818237304688;;
19890000;999,0;776,8157958984375;;
19920000;999,0;758,2307739257812;;
19950000;999,0;837,5277709960938;;
19980000;999,0;886,3529663085938;;
20010000;999,0;851,2000122070312;;
20040000;951,9375;923,5757446289062;;
20070000;999,0;878,7352905273438;;
20100000;999,0;889,11767578125;;
20130000;966,9354858398438;831,25;;
20160000;999,0;856,941162109375;;
20190000;999,0;834,270263671875;;
20220000;999,0;;;
20250000;966,9031982421876;;;
20280000;967,3870849609376;;;
20310000;967,7096557617188;;;
20340000;999,0;;;
20370000;966,8709716796876;;;
20400000;936,78125;;;
20430000;999,0;;;
20460000;999,0;;;
20490000;999,0;;;
20520000;936,96875;;;
20550000;999,0;;;
20580000;976,8386840820312;;;
20610000;966,9354858398438;;;
20640000;999,0;;;
20670000;966,8709716796876;;;
20700000;999,0;;;
20730000;999,0;;;
20760000;999,0;;;
20790000;999,0;;;
20820000;999,0;;;
20850000;999,0;;;
20880000;966,8709716796876;;;
20910000;909,4545288085938;;;
20940000;999,0;;;
20970000;999,0;;;
21000000;999,0;;;
21030000;999,0;;;
21060000;999,0;;;
21090000;999,0;;;
21120000;967,258056640625;;;
21150000;999,0;;;
21180000;966,9031982421876;;;
21210000;999,0;;;
21240000;965,7999877929688;;;
21270000;967,0322875976562;;;
21300000;999,0;;;
21330000;999,0;;;
21360000;999,0;;;
21390000;999,0;;;
21420000;999,0;;;
21450000;999,0;;;
21480000;936,75;;;
21510000;999,0;;;
21540000;966,8709716796876;;;
21570000;999,0;;;
21600000;966,774169921875;;;
21630000;999,0;;;
21660000;978,1935424804688;;;
21690000;999,0;;;
21720000;999,0;;;
21750000;999,0;;;
21780000;999,0;;;
21810000;999,0;;;
21840000;999,0;;;
21870000;971,1290283203124;;;
21900000;967,1935424804688;;;
21930000;999,0;;;
21960000;999,0;;;
21990000;999,0;;;
22020000;966,8386840820312;;;
22050000;990,9000244140624;;;
22080000;999,0;;;
22110000;967,1613159179688;;;
22140000;999,0;;;
22170000;967,5484008789062;;;
22200000;999,0;;;
22230000;999,0;;;
22260000;999,0;;;
22290000;967,7096557617188;;;
22320000;938,0625;;;
22350000;999,0;;;
22380000;967,48388671875;;;
22410000;999,0;;;
22440000;999,0;;;
22470000;999,0;;;
22500000;968,0645141601562;;;
22530000;999,0;;;
22560000;966,8386840820312;;;
22590000;999,0;;;
22620000;999,0;;;
22650000;967,3225708007812;;;
22680000;999,0;;;
22710000;999,0;;;
22740000;966,9354858398438;;;
22770000;999,0;;;
22800000;938,84375;;;
22830000;966,8386840820312;;;
22860000;966,8709716796876;;;
22890000;999,0;;;
22920000;966,9031982421876;;;
22950000;999,0;;;
22980000;967,0968017578124;;;
23010000;966,8064575195312;;;
23040000;968,4193725585938;;;
23070000;999,0;;;
23100000;999,0;;;
23130000;937,84375;;;
23160000;909,9091186523438;;;
23190000;999,0;;;
23220000;999,0;;;
23250000;999,0;;;
23280000;967,4515991210938;;;
23310000;999,0;;;
23340000;937,125;;;
23370000;999,0;;;
23400000;999,0;;;
23430000;999,0;;;
23460000;999,0;;;
23490000;967,6774291992188;;;
23520000;999,0;;;
23550000;999,0;;;
23580000;999,0;;;
23610000;967,9677124023438;;;
23640000;967,51611328125;;;
23670000;967,3870849609376;;;
23700000;936,8125;;;
23730000;967,51611328125;;;
23760000;999,0;;;
23790000;999,0;;;
23820000;937,3125;;;
23850000;936,7096557617188;;;
23880000;937,53125;;;
23910000;999,0;;;
23940000;999,0;;;
23970000;966,8709716796876;;;
24000000;909,2120971679688;;;
24030000;999,0;;;
24060000;999,0;;;
24090000;999,0;;;
24120000;909,6363525390624;;;
24150000;966,8709716796876;;;
24180000;999,0;;;
24210000;999,0;;;
24240000;967,4515991210938;;;
24270000;966,8064575195312;;;
24300000;937,875;;;
24330000;936,65625;;;
24360000;999,0;;;
24390000;967,4193725585938;;;
24420000;999,0;;;
24450000;968,6451416015624;;;
24480000;999,0;;;
24510000;999,0;;;
24540000;999,0;;;
24570000;966,9677124023438;;;
24600000;938,03125;;;
24630000;999,0;;;
24660000;967,8709716796876;;;
24690000;999,0;;;
