Step;sac_expanded;droQ_expanded;ppo_expanded;ppg_expanded;;;;;;;;
30000;-158,9516296;-162,0576324;-179,5419922;-178,4907837;;;;;;;;
60000;-157,3535156;-162,7324371;-173,5321808;-179,9612427;;;;;;;;
90000;-155,0546722;-158,2904205;-168,9163361;-175,4963989;;;;;;;;
120000;-151,9328918;-163,2069855;-169,0353546;-175,3517609;;;;;;;;
150000;-147,684021;-162,0673676;-164,7459869;-173,5996704;;;;;;;;
180000;-146,0982208;-160,9849854;-158,6242371;-173,2585907;;;;;;;;
210000;-148,8442688;-156,6897125;-160,9151764;-171,6727295;;;;;;;;
240000;-135,8904114;-154,9536743;-157,0633545;-163,8041687;;;;;;;;
270000;-126,2397995;-137,4178772;-151,9710846;-162,7992096;;;;;;;;
300000;-119,1592712;-125,2955017;-147,3917389;-158,9722137;;;;;;;;
330000;-114,6954803;-143,1306763;-144,4990692;-150,1647797;;;;;;;;
360000;-122,9971848;-144,2952881;-129,4251556;-154,1248474;;;;;;;;
390000;-174,3151398;-143,4046783;-110,9190063;-150,5585785;;;;;;;;
420000;-167,9946289;-142,9368744;-117,9373856;-140,0947876;;;;;;;;
450000;-154,0651093;-151,0124512;-95,61933136;-124,8966904;;;;;;;;
480000;-136,6863098;-161,0523529;-93,32789612;-129,1282501;;;;;;;;
510000;-148,7616119;-148,2674561;-100,1850204;-105,5301743;;;;;;;;
540000;-134,7343597;-141,5209045;-80,81404877;-117,0033951;;;;;;;;
570000;-96,52975464;-131,9874115;-85,60868073;-91,45050049;;;;;;;;
600000;-131,3695221;-129,6758575;-83,78541565;-99,37760162;;;;;;;;
630000;-132,5287933;-126,793663;-77,94776154;-97,51315308;;;;;;;;
660000;-132,3387604;-119,4611053;-83,33945465;-96,37223816;;;;;;;;
690000;-122,6205139;-121,4878235;-83,24950409;-82,51360321;;;;;;;;
720000;-93,12742615;-128,1355896;-68,05627441;-85,80773163;;;;;;;;
750000;-75,53974915;-127,6050797;-77,33517456;-83,67700958;;;;;;;;
780000;-17,62386703;-114,6217804;-65,15351105;-77,22244263;;;;;;;;
810000;10,67463779;-93,6957016;-68,09721375;-77,36864471;;;;;sac_expanded;droQ_expanded;ppo_expanded;ppg_expanded
840000;50,46949768;-102,5659943;-65,67466736;-71,48973846;;;;;2739,901855;2845,904297;2034,122437;2106,109375
870000;182,0287933;-94,98567963;-65,733078;-64,26959991;;;;;;;;
900000;220,5736847;-104,6896439;-49,52909088;-61,91687393;;;;;;;;
930000;266,131897;-82,98444366;-57,01704788;-59,34149933;;;;;;;;
960000;272,130249;-82,5388031;-31,05719566;-69,68415833;;;;;;;;
990000;477,0535278;-78,79347992;-41,52180099;-72,18312836;;;;;;;;
1020000;515,5586548;-75,17275238;-18,32060432;-67,40052032;;;;;;;;
1050000;641,914917;-78,06851196;-36,1437149;-46,67036438;;;;;;;;
1080000;930,159729;-81,19075775;-26,29263306;-49,80992126;;;;;;;;
1110000;821,6104126;-66,81371307;-26,04211807;-49,54353333;;;;;;;;
1140000;952,6065674;-57,11914444;-8,400905609;-47,39567184;;;;;;;;
1170000;925,8604126;-63,4098053;-4,101277828;-70,98474121;;;;;;;;
1200000;1107,415527;-61,0020752;-5,018884659;-53,7029686;;;;;;;;
1230000;1077,725708;-57,20598984;26,40266037;-74,87863922;;;;;;;;
1260000;1090,528198;-45,24160767;37,22653961;-60,03678513;;;;;;;;
1290000;1455,528198;-40,12425232;39,41518784;-54,05953217;;;;;;;;
1320000;1547,321045;-37,60705566;27,28614616;-29,28524971;;;;;;;;
1350000;1598,22522;-5,321812153;92,07922363;-30,72855568;;;;;;;;
1380000;1748,604614;41,2869072;77,23375702;-33,43649673;;;;;;;;
1410000;1726,145996;109,6782684;34,56774521;-0,177121848;;;;;;;;
1440000;1728,048706;166,8891754;62,03732681;-20,5822258;;;;;;;;
1470000;1907,940552;191,5783386;100,1574097;-12,68172359;;;;;;;;
1500000;1873,197266;237,1532288;100,5373154;-6,054744244;;;;;;;;
1530000;1907,609009;462,2924805;78,62166595;10,40571499;;;;;;;;
1560000;1752,151001;519,5673218;109,0170441;15,74841118;;;;;;;;
1590000;1940,024902;585,0057373;86,53125;0,712371171;;;;;;;;
1620000;2070,554688;721,5018311;133,5940552;-3,742472172;;;;;;;;
1650000;2160,892334;817,9885254;145,1784515;32,79521179;;;;;;;;
1680000;2176,369629;897,0113525;219,3234558;53,07026291;;;;;;;;
1710000;1994,330933;1025,159668;233,0021057;35,37164688;;;;;;;;
1740000;2113,862061;1207,489014;249,4887848;38,97333527;;;;;;;;
1770000;2196,573242;1272,365601;264,4479065;62,63404846;;;;;;;;
1800000;77,08432007;1117,463257;293,5888367;29,55821037;;;;;;;;
1830000;-139,8577271;442,58078;229,6779022;58,90049744;;;;;;;;
1860000;-133,4974518;148,6787109;291,3627319;54,16631699;;;;;;;;
1890000;-128,2579193;506,7089233;252,2345734;44,37712479;;;;;;;;
1920000;-71,49983215;1033,13562;360,3414307;61,40779877;;;;;;;;
1950000;-115,8384018;1134,790283;301,4056091;121,2493439;;;;;;;;
1980000;-126,6488724;1251,576172;327,4796143;139,3802338;;;;;;;;
2010000;-36,65154266;1238,155151;368,9676819;141,0839996;;;;;;;;
2040000;13,44959545;1529,24292;256,1810303;128,0677338;;;;;;;;
2070000;145,6839447;1552,845947;374,2915649;164,3892517;;;;;;;;
2100000;164,7071991;1675,228638;380,57901;197,1574707;;;;;;;;
2130000;466,276947;1568,537476;407,5776672;175,8398285;;;;;;;;
2160000;289,8035278;1739,755737;387,2243347;204,1514282;;;;;;;;
2190000;53,84580231;1533,577148;440,40979;228,7551575;;;;;;;;
2220000;368,9169922;1321,59375;380,3980103;229,6147461;;;;;;;;
2250000;775,7172241;1599,495361;471,8179932;231,9542084;;;;;;;;
2280000;986,6367798;1632,856689;426,5409546;273,5283203;;;;;;;;
2310000;1349,982056;2070,100098;530,8358154;298,8601685;;;;;;;;
2340000;1656,124634;2072,279541;484,7854309;282,1521912;;;;;;;;
2370000;1798,896729;2089,505127;549,4446411;313,4367981;;;;;;;;
2400000;2144,506104;2016,342407;629,3403931;332,6227112;;;;;;;;
2430000;1795,257446;1937,96228;536,0637817;360,7068481;;;;;;;;
2460000;1926,564453;2044,754761;551,9517212;359,6061096;;;;;;;;
2490000;1771,516846;2126,80249;618,8550415;330,1659241;;;;;;;;
2520000;1469,629028;1981,091431;591,9550781;363,5826721;;;;;;;;
2550000;1719,19458;1961,687744;562,8650513;360,1180115;;;;;;;;
2580000;1838,964966;2086,192139;616,7016602;462,0394897;;;;;;;;
2610000;1551,011597;2146,595947;653,2675171;385,494751;;;;;;;;
2640000;1648,921875;2199,279541;635,647644;470,0965576;;;;;;;;
2670000;1278,769775;2187,198486;658,7258911;445,7524719;;;;;;;;
2700000;-167,9344788;2222,454102;702,3684082;471,6998596;;;;;;;;
2730000;-153,1921387;2260,895508;687,1005859;443,1995239;;;;;;;;
2760000;-119,924324;2441,562988;629,0400391;436,7849731;;;;;;;;
2790000;-69,24868011;2319,255371;802,5940552;469,8212585;;;;;;;;
2820000;-63,38521957;2249,325195;772,6598511;446,8794861;;;;;;;;
2850000;33,89296722;2204,062988;829,3661499;536,069397;;;;;;;;
2880000;224,5636139;2351,081543;783,9101563;505,585968;;;;;;;;
2910000;489,7929382;2215,641113;803,5795288;588,1916504;;;;;;;;
2940000;590,6802368;2178,191162;824,9191284;529,2474365;;;;;;;;
2970000;935,3226929;2464,702148;808,0917969;494,9212646;;;;;;;;
3000000;943,6671143;2488,491211;619,1769409;608,3012085;;;;;;;;
3030000;1575,452759;2446,942871;809,1413574;559,3717651;;;;;;;;
3060000;806,8670044;2404,727539;825,4127197;590,8544922;;;;;;;;
3090000;1614,771362;2410,524658;963,0473022;599,4632568;;;;;;;;
3120000;1344,744629;2406,896973;752,6780396;623,2372437;;;;;;;;
3150000;934,5691528;2424,161865;877,7489014;653,5628052;;;;;;;;
3180000;1149,677979;2404,938232;851,1320801;689,4798584;;;;;;;;
3210000;1157,492065;2534,400635;420,6379395;646,0418091;;;;;;;;
3240000;1283,896851;2572,781738;856,2423096;680,791626;;;;;;;;
3270000;1393,68457;2431,353516;941,7483521;696,6690674;;;;;;;;
3300000;1635,653809;2509,515137;845,8671265;772,9110718;;;;;;;;
3330000;1714,762573;2392,438477;825,8927002;715,7203369;;;;;;;;
3360000;1789,067383;2529,732178;867,6808472;736,432373;;;;;;;;
3390000;1746,869995;2331,949219;931,6710205;827,9291992;;;;;;;;
3420000;2112,049805;2601,648926;977,4924927;754,9641724;;;;;;;;
3450000;2109,32251;2474,373291;951,7396851;800,4193726;;;;;;;;
3480000;2256,439697;2397,991699;854,4533691;873,2980957;;;;;;;;
3510000;2271,404785;2593,935791;874,5684204;681,5825195;;;;;;;;
3540000;2236,028076;2525,414063;994,362854;665,8339844;;;;;;;;
3570000;2206,20874;2504,910645;1002,781677;800,4221802;;;;;;;;
3600000;2210,85376;2571,15625;1115,606934;892,0675049;;;;;;;;
3630000;2307,775635;2651,449219;1022,976807;905,729187;;;;;;;;
3660000;1761,834351;2607,358887;1051,181641;816,8022461;;;;;;;;
3690000;2197,329834;2451,84082;1107,766724;892,7235107;;;;;;;;
3720000;2230,821289;2624,246338;943,5130615;891,6494141;;;;;;;;
3750000;2262,660645;2532,978516;1042,452026;895,9456787;;;;;;;;
3780000;2383,720215;2543,378662;1070,016113;924,3845215;;;;;;;;
3810000;2474,608643;2611,88623;1049,961182;934,8601074;;;;;;;;
3840000;2426,48877;2709,112305;1060,508911;906,9401245;;;;;;;;
3870000;2451,715088;2593,593018;1110,674072;952,9812622;;;;;;;;
3900000;2384,74292;2481,878906;1186,251221;900,5663452;;;;;;;;
3930000;2163,55542;2700,716553;1209,50708;962,9949341;;;;;;;;
3960000;797,3015747;2658,781006;1151,678467;814,3557129;;;;;;;;
3990000;51,92001343;2706,839355;1191,600342;923,6873169;;;;;;;;
4020000;349,7625732;2707,65918;1120,59436;1011,819092;;;;;;;;
4050000;998,15802;2724,374756;1171,22168;1016,811829;;;;;;;;
4080000;1854,118042;2690,753906;1230,016602;998,1391602;;;;;;;;
4110000;2152,765137;2602,095703;994,2878418;1010,162109;;;;;;;;
4140000;2109,412842;2648,259277;1177,925049;1029,375122;;;;;;;;
4170000;1874,894409;2651,164551;1118,165894;1082,065552;;;;;;;;
4200000;1918,41748;2735,387207;1101,398438;1080,477173;;;;;;;;
4230000;2211,413818;2679,919678;1227,033936;943,2320557;;;;;;;;
4260000;2175,926758;2742,299805;1139,658447;1004,821411;;;;;;;;
4290000;2419,945313;2688,571045;1165,443359;1150,40271;;;;;;;;
4320000;2310,557129;2672,557861;1162,710571;1008,047485;;;;;;;;
4350000;2170,479492;2465,378662;1099,11792;1005,867859;;;;;;;;
4380000;2451,734619;2648,273438;1112,057617;1088,853516;;;;;;;;
4410000;2504,273438;2783,387207;1159,424927;1152,241333;;;;;;;;
4440000;2282,093262;2755,865234;1222,10376;1107,791626;;;;;;;;
4470000;2266,602051;2612,196045;1242,222412;1146,398315;;;;;;;;
4500000;2422,039063;2731,865234;1272,505005;1153,057983;;;;;;;;
4530000;2299,919434;2805,544922;1328,848633;1051,774414;;;;;;;;
4560000;2501,615967;2653,104248;1305,356445;1106,661133;;;;;;;;
4590000;2516,520752;2686,095947;1336,0448;1112,52124;;;;;;;;
4620000;2011,654419;2773,698975;1336,196899;872,1628418;;;;;;;;
4650000;2658,624268;2843,868164;1308,218384;1176,218262;;;;;;;;
4680000;2468,63501;2565,56958;1369,532227;1162,587036;;;;;;;;
4710000;2551,277344;2498,074219;1424,027222;1145,585693;;;;;;;;
4740000;2460,386475;2714,796875;1337,032593;1268,572876;;;;;;;;
4770000;2326,312012;2655,811523;1197,35437;1233,851074;;;;;;;;
4800000;2391,869873;2701,864746;1228,244141;1134,762573;;;;;;;;
4830000;2551,075684;2795,745605;1365,79834;1172,13501;;;;;;;;
4860000;2682,231201;2750,023682;1316,867798;1160,061401;;;;;;;;
4890000;2647,945801;2801,891846;1363,827515;1154,221069;;;;;;;;
4920000;2739,901855;2845,904297;1404,31604;1218,360229;;;;;;;;
4950000;2360,99707;2801,215332;1318,518311;1196,251221;;;;;;;;
4980000;1925,021484;2777,650146;1269,063232;1291,637207;;;;;;;;
5010000;;;1381,261108;1253,72937;;;;;;;;
5040000;;;1309,943359;1259,897705;;;;;;;;
5070000;;;1419,272217;1281,34436;;;;;;;;
5100000;;;1549,976807;1371,896362;;;;;;;;
5130000;;;1429,835571;1376,758179;;;;;;;;
5160000;;;1422,205933;1334,869995;;;;;;;;
5190000;;;1449,59021;1345,802368;;;;;;;;
5220000;;;1312,421387;1160,782471;;;;;;;;
5250000;;;940,4992676;1277,696289;;;;;;;;
5280000;;;1218,898682;1161,821045;;;;;;;;
5310000;;;1456,036621;1458,894287;;;;;;;;
5340000;;;1398,166992;1384,115723;;;;;;;;
5370000;;;1461,367554;1387,478638;;;;;;;;
5400000;;;1489,123413;1429,72998;;;;;;;;
5430000;;;1420,410522;1386,74707;;;;;;;;
5460000;;;1482,737549;1462,833252;;;;;;;;
5490000;;;1401,460083;1389,961914;;;;;;;;
5520000;;;1564,553589;1470,697632;;;;;;;;
5550000;;;1528,613892;1505,388306;;;;;;;;
5580000;;;1218,255859;1480,426392;;;;;;;;
5610000;;;1454,575806;1522,649658;;;;;;;;
5640000;;;1567,584595;1492,569092;;;;;;;;
5670000;;;1561,498901;1432,687866;;;;;;;;
5700000;;;1525,015381;1541,134888;;;;;;;;
5730000;;;1447,587036;1617,483765;;;;;;;;
5760000;;;1354,791748;1464,925171;;;;;;;;
5790000;;;1493,311768;1491,989502;;;;;;;;
5820000;;;1625,930542;1502,921631;;;;;;;;
5850000;;;1583,658447;1446,91748;;;;;;;;
5880000;;;1609,727905;1600,391724;;;;;;;;
5910000;;;1669,891846;1491,157715;;;;;;;;
5940000;;;1653,408936;1512,086792;;;;;;;;
5970000;;;1615,121826;1593,048218;;;;;;;;
6000000;;;1549,641846;1459,057007;;;;;;;;
6030000;;;1542,880493;1554,313599;;;;;;;;
6060000;;;1489,032593;1675,779419;;;;;;;;
6090000;;;1689,616577;1542,635742;;;;;;;;
6120000;;;1580,406372;1591,832886;;;;;;;;
6150000;;;1614,149414;1614,886719;;;;;;;;
6180000;;;1577,980835;1649,9729;;;;;;;;
6210000;;;1428,342773;1512,95874;;;;;;;;
6240000;;;1735,193481;1617,608643;;;;;;;;
6270000;;;1710,93811;1577,324585;;;;;;;;
6300000;;;1643,441895;1540,862061;;;;;;;;
6330000;;;1533,155762;1612,446167;;;;;;;;
6360000;;;1665,387207;1693,517822;;;;;;;;
6390000;;;1629,306396;1631,228394;;;;;;;;
6420000;;;1652,262695;1596,347656;;;;;;;;
6450000;;;1678,356812;1543,604126;;;;;;;;
6480000;;;1687,821777;1730,649536;;;;;;;;
6510000;;;1712,633667;997,5441284;;;;;;;;
6540000;;;1576,27417;1580,291992;;;;;;;;
6570000;;;1743,713501;1643,806152;;;;;;;;
6600000;;;1561,693359;1528,880493;;;;;;;;
6630000;;;1678,651001;1695,845459;;;;;;;;
6660000;;;1727,723267;1673,928345;;;;;;;;
6690000;;;1680,892578;1622,991333;;;;;;;;
6720000;;;1621,756958;1740,829346;;;;;;;;
6750000;;;1758,780518;1708,58374;;;;;;;;
6780000;;;1638,412476;1703,574585;;;;;;;;
6810000;;;1623,272705;1613,745117;;;;;;;;
6840000;;;1748,202026;1726,031372;;;;;;;;
6870000;;;1806,337524;1804,61377;;;;;;;;
6900000;;;1720,289063;1705,752686;;;;;;;;
6930000;;;1573,636108;1599,005127;;;;;;;;
6960000;;;1829,794067;1716,311523;;;;;;;;
6990000;;;1769,123901;1741,94397;;;;;;;;
7020000;;;1603,932129;1701,399902;;;;;;;;
7050000;;;1623,637451;1863,895264;;;;;;;;
7080000;;;1723,090942;1880,979004;;;;;;;;
7110000;;;1673,66272;1724,584473;;;;;;;;
7140000;;;1712,759277;1773,280518;;;;;;;;
7170000;;;1728,519897;1741,886719;;;;;;;;
7200000;;;1706,984497;1747,860962;;;;;;;;
7230000;;;1742,172485;1780,34729;;;;;;;;
7260000;;;1892,920654;1915,94873;;;;;;;;
7290000;;;1660,266724;1696,742798;;;;;;;;
7320000;;;1789,109131;1759,977051;;;;;;;;
7350000;;;1712,262817;1798,480469;;;;;;;;
7380000;;;1691,82312;1770,265381;;;;;;;;
7410000;;;1830,503784;1879,780518;;;;;;;;
7440000;;;1794,890747;1720,841553;;;;;;;;
7470000;;;1741,513428;1819,431519;;;;;;;;
7500000;;;1881,918335;1743,557129;;;;;;;;
7530000;;;1821,423828;1633,536499;;;;;;;;
7560000;;;1684,198242;1811,7854;;;;;;;;
7590000;;;1883,259155;1732,146118;;;;;;;;
7620000;;;1808,483765;1794,331909;;;;;;;;
7650000;;;1690,69873;1744,49646;;;;;;;;
7680000;;;1894,802612;1783,281006;;;;;;;;
7710000;;;1734,99646;1822,708252;;;;;;;;
7740000;;;1812,658813;1891,96875;;;;;;;;
7770000;;;1752,128662;1575,9646;;;;;;;;
7800000;;;1911,241577;1904,119263;;;;;;;;
7830000;;;1749,368652;1870,440918;;;;;;;;
7860000;;;1856,455566;1866,763672;;;;;;;;
7890000;;;1730,534546;1808,812622;;;;;;;;
7920000;;;1785,445923;1877,00354;;;;;;;;
7950000;;;1883,015991;1892,966675;;;;;;;;
7980000;;;1843,260254;1881,888428;;;;;;;;
8010000;;;1982,366943;1833,629761;;;;;;;;
8040000;;;1797,019409;1871,149536;;;;;;;;
8070000;;;1813,103027;1874,467407;;;;;;;;
8100000;;;1997,469971;1816,148315;;;;;;;;
8130000;;;1908,259521;1688,424561;;;;;;;;
8160000;;;1783,312622;1963,400391;;;;;;;;
8190000;;;1949,619141;1897,11792;;;;;;;;
8220000;;;1855,015991;1882,014404;;;;;;;;
8250000;;;1833,623413;1868,697021;;;;;;;;
8280000;;;1894,403198;1866,471313;;;;;;;;
8310000;;;1777,47583;1868,346924;;;;;;;;
8340000;;;1866,702759;1919,960327;;;;;;;;
8370000;;;1768,710815;1991,322144;;;;;;;;
8400000;;;1803,401855;1773,838379;;;;;;;;
8430000;;;1943,540283;1950,05542;;;;;;;;
8460000;;;1896,853394;1979,279663;;;;;;;;
8490000;;;1766,575073;1882,294067;;;;;;;;
8520000;;;1856,882446;1956,458496;;;;;;;;
8550000;;;1782,364868;1847,584961;;;;;;;;
8580000;;;1956,724609;1901,735718;;;;;;;;
8610000;;;1955,913818;1857,963013;;;;;;;;
8640000;;;1781,985352;1856,870972;;;;;;;;
8670000;;;1939,001831;1978,428955;;;;;;;;
8700000;;;1933,723633;2046,892822;;;;;;;;
8730000;;;1945,516113;1954,7323;;;;;;;;
8760000;;;1788,004761;2008,385864;;;;;;;;
8790000;;;1724,224121;1940,040771;;;;;;;;
8820000;;;1999,025513;1857,778442;;;;;;;;
8850000;;;1858,940796;2014,551147;;;;;;;;
8880000;;;1818,543579;1965,233643;;;;;;;;
8910000;;;1912,261719;2026,67749;;;;;;;;
8940000;;;1831,776245;2015,660156;;;;;;;;
8970000;;;2018,778931;1984,661255;;;;;;;;
9000000;;;1832,567871;2020,514648;;;;;;;;
9030000;;;1777,806763;1973,073364;;;;;;;;
9060000;;;1934,552612;1942,456299;;;;;;;;
9090000;;;1802,068115;1887,759277;;;;;;;;
9120000;;;1673,864868;1977,682983;;;;;;;;
9150000;;;1846,764526;2083,608154;;;;;;;;
9180000;;;1897,446655;1992,799194;;;;;;;;
9210000;;;1932,466675;1612,370483;;;;;;;;
9240000;;;1987,063965;1735,403442;;;;;;;;
9270000;;;1844,222778;1991,022461;;;;;;;;
9300000;;;1976,460205;1921,181885;;;;;;;;
9330000;;;1955,582153;1939,796509;;;;;;;;
9360000;;;2034,122437;2022,382324;;;;;;;;
9390000;;;1628,056641;2004,280762;;;;;;;;
9420000;;;1921,209473;1994,594971;;;;;;;;
9450000;;;1863,619141;1984,960083;;;;;;;;
9480000;;;1898,760498;1963,33606;;;;;;;;
9510000;;;1974,758423;2082,483398;;;;;;;;
9540000;;;1915,627441;1999,998535;;;;;;;;
9570000;;;1740,990356;1875,890137;;;;;;;;
9600000;;;1917,797852;1943,531128;;;;;;;;
9630000;;;1787,912842;2028,928955;;;;;;;;
9660000;;;1864,961426;2031,358765;;;;;;;;
9690000;;;;1918,075073;;;;;;;;
9720000;;;;1839,519775;;;;;;;;
9750000;;;;1963,716919;;;;;;;;
9780000;;;;1954,629395;;;;;;;;
9810000;;;;2100,045654;;;;;;;;
9840000;;;;2010,598999;;;;;;;;
9870000;;;;2028,223145;;;;;;;;
9900000;;;;2106,109375;;;;;;;;
9930000;;;;1995,550781;;;;;;;;
9960000;;;;1856,535278;;;;;;;;
9990000;;;;2011,529785;;;;;;;;
