Step;sac_expanded;droQ_expanded
30000;;
60000;;
90000;;
120000;;
150000;;
180000;;
210000;;
240000;;
270000;;
300000;;
330000;;
360000;;
390000;;
420000;;
450000;;
480000;;
510000;;
540000;;
570000;;
600000;;
630000;;
660000;;
690000;;
720000;;
750000;;
780000;;
810000;;
840000;;
870000;;
900000;;
930000;;
960000;;
990000;;
1020000;;
1050000;;
1080000;;
1110000;;
1140000;;
1170000;;
1200000;;
1230000;;
1260000;;
1290000;;
1320000;;
1350000;;
1380000;;
1410000;;
1440000;;
1470000;;
1500000;;
1530000;;
1560000;;
1590000;;
1620000;;
1650000;;
1680000;;
1710000;;
1740000;;
1770000;;
1800000;;
1830000;;
1860000;;
1890000;;
1920000;;
1950000;;
1980000;;
2010000;;
2040000;;
2070000;;
2100000;;
2130000;;
2160000;;
2190000;;
2220000;;
2250000;;
2280000;;
2310000;;
2340000;;
2370000;;
2400000;;
2430000;;
2460000;;
2490000;;
2520000;;
2550000;;
2580000;;
2610000;;
2640000;;
2670000;;
2700000;;
2730000;;
2760000;;
2790000;;
2820000;;
2850000;;
2880000;;
2910000;;
2940000;;
2970000;;
3000000;;
3030000;;
3060000;;
3090000;;
3120000;;
3150000;;
3180000;;
3210000;;
3240000;;
3270000;;
3300000;;
3330000;;
3360000;;
3390000;;
3420000;;
3450000;;
3480000;;
3510000;;
3540000;;
3570000;;
3600000;;
3630000;;
3660000;;
3690000;;
3720000;;
3750000;;
3780000;;
3810000;;
3840000;;
3870000;;
3900000;;
3930000;;
3960000;;
3990000;;
4020000;;
4050000;;
4080000;;
4110000;;
4140000;;
4170000;;
4200000;;
4230000;;
4260000;;
4290000;;
4320000;;
4350000;;
4380000;;
4410000;;
4440000;;
4470000;;
4500000;;
4530000;;
4560000;;
4590000;;
4620000;;
4650000;;
4680000;;
4710000;;
4740000;;
4770000;;
4800000;;
4830000;;
4860000;;
4890000;;
4920000;;
4950000;;
4980000;;
